,Country Name,Country Code,Indicator Name,Indicator Code,1990,1991,1992,1993,1994,1995,1996,1997,1998,1999,2000,2001,2002,2003,2004,2005,2006,2007,2008,2009,2010,2011,2012,2013,2014,2015,2016,2017,2018,2019,Average
0,Aruba,ABW,"Birth rate, crude (per 1,000 people)",SP.DYN.CBRT.IN,18.662,17.722,16.442999999999998,16.125999999999998,15.431,15.991,16.153,16.387999999999998,15.078,14.360999999999999,14.427,13.739,12.992,12.620999999999999,11.921,12.347999999999999,13.055,12.962,12.748,12.35,12.193,12.245999999999999,12.722999999999999,13.315999999999999,13.533,12.427999999999999,12.3,11.53,9.881,9.138,13.69353333
1,Africa Eastern and Southern,AFE,"Birth rate, crude (per 1,000 people)",SP.DYN.CBRT.IN,44.23071912,43.8423179,43.34167709,42.96601286,42.53329355,42.48572443,42.13562775,41.57346437,41.12879018,40.89482043,40.52823662,40.34120877,40.04732457,39.75013832,39.57589361,39.40739149,39.23710518,39.00051621,38.85169162,38.36493903,37.9402604,37.4839866,36.92129991,36.4471511,36.02832996,35.61332606,35.18902670000001,34.89254669,34.61103252,34.34146011,39.32351044
2,Afghanistan,AFG,"Birth rate, crude (per 1,000 people)",SP.DYN.CBRT.IN,51.423,51.788000000000004,51.948,52.038000000000004,52.174,52.073,51.873000000000005,51.4,50.88,50.351000000000006,49.663999999999994,48.979,48.201,47.35,46.33,45.263000000000005,44.721000000000004,43.858000000000004,41.506,41.157,40.602,39.855,40.009,39.601,39.105,38.803000000000004,37.936,37.342,36.927,36.466,45.32076667
3,Africa Western and Central,AFW,"Birth rate, crude (per 1,000 people)",SP.DYN.CBRT.IN,44.67619439,44.47422576,44.3093244,44.16809794,43.94269075,43.73023673,43.49102617,43.21922198,43.026971100000004,43.1742392,43.19955291,43.07550056,42.9271214,42.74688225,42.50271696,42.42154176,42.1932965,41.94301019,41.75479466,41.50375837,41.21962895,40.89423504,40.41643061,39.85650561,39.33535235,38.85921031,38.39310034,37.88166063,37.447086799999994,37.02783363,41.79371494
4,Angola,AGO,"Birth rate, crude (per 1,000 people)",SP.DYN.CBRT.IN,51.343999999999994,50.926,50.373999999999995,49.893,49.55,49.185,48.86,48.412,48.00899999999999,47.773,47.647,47.574,47.448,47.226000000000006,47.099,46.943999999999996,46.643,46.29,45.888999999999996,45.495,44.97,44.364,43.86,43.282,42.676,42.02,41.376999999999995,40.81,40.236,39.725,46.1967
5,Albania,ALB,"Birth rate, crude (per 1,000 people)",SP.DYN.CBRT.IN,24.415,23.723000000000003,23.145,22.47,22.244,21.809,20.987,19.81,18.803,17.982,17.076,16.12,15.209000000000001,14.668,13.978,13.235,12.539000000000001,12.07,11.868,11.841,11.92,12.035,12.227,12.279000000000002,12.15,11.718,11.289000000000001,10.87,10.517000000000001,10.343,15.64466667
6,Andorra,AND,"Birth rate, crude (per 1,000 people)",SP.DYN.CBRT.IN,11.9,11.9,12.1,11.4,10.9,11.0,10.9,11.2,11.9,12.6,11.3,11.8,11.2,10.3,10.9,10.7,10.6,10.1,10.4,9.9,9.8,,9.5,,,,8.8,,7.2,7.0,10.612
7,Arab World,ARB,"Birth rate, crude (per 1,000 people)",SP.DYN.CBRT.IN,35.36568025,34.65514305,34.112574200000005,33.35175059,32.5974027,31.68476632,30.81188544,30.21869712,29.72660785,29.31395142,28.96507605,28.70185434,28.36912402,28.20210609,27.99411636,27.85947614,27.87098718,27.98973153,27.971228200000002,27.92586319,28.10753701,28.113981300000003,28.03156008,27.87327843,27.52611216,27.05807863,26.0656767,25.58252083,25.10298734,24.59862038,29.05827916
8,United Arab Emirates,ARE,"Birth rate, crude (per 1,000 people)",SP.DYN.CBRT.IN,25.923000000000002,24.574,23.839000000000002,22.429000000000002,22.201999999999998,19.508,19.493,18.33,17.335,16.765,16.66,16.525,16.401,16.43,16.094,15.206,14.484000000000002,14.24,14.08,13.9,13.665,13.292,12.911,12.437999999999999,11.989,11.478,10.993,10.62,10.049,9.75,16.05343333
9,Argentina,ARG,"Birth rate, crude (per 1,000 people)",SP.DYN.CBRT.IN,21.989,21.844,21.683000000000003,21.57,21.419,20.974,20.449,19.985,19.738,19.674,19.366,18.983,18.756,18.453,18.352,18.352999999999998,18.194000000000003,18.005,17.812,17.849,17.87,17.805999999999997,17.729,17.632,17.504,17.346,16.824,16.206,15.187000000000001,14.783,18.7445
10,Armenia,ARM,"Birth rate, crude (per 1,000 people)",SP.DYN.CBRT.IN,24.224,22.95,21.144000000000002,18.995,17.465,16.348,15.489,14.75,13.902000000000001,13.265,12.51,12.157,12.19,12.482000000000001,12.822000000000001,13.033,11.759,12.578,13.038,14.255,13.898,14.046,15.094000000000001,15.055,15.842,14.640999999999998,14.504000000000001,13.606,13.307,12.892000000000001,14.94136667
11,American Samoa,ASM,"Birth rate, crude (per 1,000 people)",SP.DYN.CBRT.IN,,,,,,,,,,,,,,,,,21.6,,,,18.7,,,,17.5,,,16.6,,,18.6
12,Antigua and Barbuda,ATG,"Birth rate, crude (per 1,000 people)",SP.DYN.CBRT.IN,20.916,18.504,19.227999999999998,18.597,18.99,19.847,20.823,20.118,18.474,17.829,19.829,18.090999999999998,17.202,16.521,16.012999999999998,15.668,15.511,15.637,17.039,16.632,14.715,14.312999999999999,13.497,12.469000000000001,12.325,12.591,11.659,11.789000000000001,10.815999999999999,11.485,16.2376
13,Australia,AUS,"Birth rate, crude (per 1,000 people)",SP.DYN.CBRT.IN,15.4,14.9,15.1,14.7,14.5,14.2,13.9,13.6,13.3,13.1,13.0,12.7,12.8,12.6,12.3,12.8,12.9,14.1,14.0,13.9,13.7,13.6,13.7,13.3,13.2,12.9,12.9,12.6,12.6,12.1,13.48
14,Austria,AUT,"Birth rate, crude (per 1,000 people)",SP.DYN.CBRT.IN,11.8,12.2,12.2,12.0,11.6,11.2,11.2,10.5,10.2,9.8,9.8,9.4,9.7,9.5,9.7,9.5,9.4,9.2,9.3,9.2,9.4,9.3,9.4,9.4,9.6,9.8,10.0,10.0,9.7,9.6,10.12
15,Azerbaijan,AZE,"Birth rate, crude (per 1,000 people)",SP.DYN.CBRT.IN,25.9,26.6,25.2,23.7,21.4,18.9,16.6,16.8,15.7,14.7,14.5,13.6,13.5,13.8,15.8,16.9,17.6,17.7,17.4,17.0,18.3,19.2,18.8,18.3,17.9,17.2,16.3,14.6,14.0,14.1,17.73333333
16,Burundi,BDI,"Birth rate, crude (per 1,000 people)",SP.DYN.CBRT.IN,46.545,46.128,45.702,46.026,39.132,44.504,43.858000000000004,41.867,41.346000000000004,42.005,42.473,42.882,43.806999999999995,44.485,45.297,46.03,46.38,46.525,46.562,46.681000000000004,46.691,45.583,44.413000000000004,43.402,42.356,41.321000000000005,39.479,38.124,37.010999999999996,36.323,43.43126667
17,Belgium,BEL,"Birth rate, crude (per 1,000 people)",SP.DYN.CBRT.IN,12.4,12.6,12.4,12.0,11.5,11.4,11.5,11.4,11.2,11.2,11.4,11.2,10.9,11.0,11.3,11.4,11.6,11.7,11.9,11.8,11.9,11.7,11.5,11.3,11.2,10.8,10.8,10.5,10.4,10.2,11.40333333
18,Benin,BEN,"Birth rate, crude (per 1,000 people)",SP.DYN.CBRT.IN,45.365,45.135,44.722,44.57,45.277,44.006,43.453,43.041000000000004,42.599,42.226000000000006,41.672,41.375,41.251000000000005,41.405,41.23,40.926,40.885,40.423,39.897,39.641999999999996,39.332,39.202,39.122,39.129,39.192,39.022,38.934,38.678000000000004,38.186,37.675,41.2524
19,Burkina Faso,BFA,"Birth rate, crude (per 1,000 people)",SP.DYN.CBRT.IN,46.842,46.659,46.428000000000004,46.173,46.076,46.036,46.001999999999995,45.762,45.528999999999996,45.339,45.188,44.812,44.463,44.461000000000006,44.235,44.218999999999994,44.372,44.152,43.883,43.523999999999994,43.206,42.805,42.336000000000006,41.71,40.965,40.088,38.977,37.898,37.294000000000004,36.689,43.53743333
20,Bangladesh,BGD,"Birth rate, crude (per 1,000 people)",SP.DYN.CBRT.IN,34.966,33.449,32.354,31.515,31.336,30.453000000000003,29.951999999999998,30.203000000000003,29.79,29.322,28.956,28.49,27.968000000000004,27.32,26.586,25.509,24.649,23.978,23.13,22.268,21.379,20.569000000000003,20.117,19.9,19.537,19.158,19.002,18.495,18.462,18.35,25.5721
21,Bulgaria,BGR,"Birth rate, crude (per 1,000 people)",SP.DYN.CBRT.IN,12.1,11.1,10.4,10.0,9.4,8.6,8.6,7.7,7.9,8.8,9.0,8.5,8.5,8.7,9.1,9.3,9.7,10.0,10.4,10.9,10.2,9.6,9.5,9.2,9.4,9.2,9.1,9.0,8.9,8.8,9.386666667
22,Bahrain,BHR,"Birth rate, crude (per 1,000 people)",SP.DYN.CBRT.IN,27.362,26.361,25.67,24.791999999999998,23.625,22.691,21.915,21.523000000000003,21.288,21.261,20.739,20.129,20.471,20.869,20.648000000000003,19.910999999999998,18.705,17.526,16.732,16.089000000000002,15.845,15.759,15.955,15.862,15.953,15.790999999999999,15.181,14.505999999999998,13.818,13.198,19.33916667
23,"Bahamas, The",BHS,"Birth rate, crude (per 1,000 people)",SP.DYN.CBRT.IN,24.119,24.824,26.441999999999997,25.605,23.086,23.025,21.473000000000003,21.569000000000003,20.75,18.75,18.215,18.009,17.160999999999998,16.42,16.408,17.269000000000002,14.966,15.392000000000001,16.39,16.396,14.857999999999999,14.075,14.114,12.244000000000002,13.57,12.812000000000001,12.187999999999999,11.652999999999999,11.565999999999999,11.487,17.49453333
24,Bosnia and Herzegovina,BIH,"Birth rate, crude (per 1,000 people)",SP.DYN.CBRT.IN,14.912,14.75,14.411,12.524000000000001,11.548,10.698,11.220999999999998,12.296,11.790999999999999,10.556,10.068,9.816,9.902000000000001,9.86,9.842,9.582,9.374,9.794,9.835,9.851,9.492,8.878,9.211,8.949,8.767999999999999,8.842,8.953,9.02,9.067,8.818999999999999,10.421
25,Belarus,BLR,"Birth rate, crude (per 1,000 people)",SP.DYN.CBRT.IN,14.0,13.0,12.5,11.5,10.8,9.9,9.4,8.9,9.2,9.3,9.4,9.2,8.9,9.0,9.1,9.3,9.9,10.7,11.1,11.4,11.4,11.5,12.2,12.5,12.5,12.5,12.4,10.8,9.9,9.3,10.71666667
26,Belize,BLZ,"Birth rate, crude (per 1,000 people)",SP.DYN.CBRT.IN,36.532,35.269,34.308,33.519,32.321999999999996,32.256,31.624000000000002,31.787,31.322,30.938000000000002,30.388,29.845,29.185,28.035999999999998,27.2,26.673000000000002,25.459,24.595,24.033,23.264,22.533,22.53,22.43,22.335,22.096999999999998,21.709,21.36,21.129,21.015,18.886,27.15263333
27,Bermuda,BMU,"Birth rate, crude (per 1,000 people)",SP.DYN.CBRT.IN,14.6,15.4,15.5,13.7,14.5,13.3,13.9,,,,13.5,13.3,13.2,13.2,13.2,13.1,12.5,13.4,12.8,12.5,12.0,10.6,10.4,10.5,9.3,9.4,9.3,9.0,8.3,8.2,12.17037037
28,Bolivia,BOL,"Birth rate, crude (per 1,000 people)",SP.DYN.CBRT.IN,35.84,35.263000000000005,34.645,33.91,33.084,32.406,31.875,31.125999999999998,30.703000000000003,30.39,29.717,29.052,28.572,28.18,27.754,27.424,27.423000000000002,26.988000000000003,26.546,26.131999999999998,25.749000000000002,25.338,24.934,24.541,24.14,23.74,23.355,22.986,22.634,22.323,28.22566667
29,Brazil,BRA,"Birth rate, crude (per 1,000 people)",SP.DYN.CBRT.IN,24.844,24.148000000000003,23.375999999999998,23.022,22.586,22.319000000000003,21.846,21.476999999999997,21.06,20.445,19.840999999999998,19.271,18.574,17.85,17.632,17.335,16.852,16.372,15.943,15.715,15.492,15.309000000000001,14.939,14.69,14.753,14.727,14.050999999999998,14.159,14.133,13.633,18.21313333
30,Barbados,BRB,"Birth rate, crude (per 1,000 people)",SP.DYN.CBRT.IN,15.622,15.429,15.261,15.087,14.902999999999999,14.714,14.527999999999999,14.36,14.203,14.077,13.955,13.823,13.77,13.68,13.547,13.370999999999999,13.177,12.943,12.681,12.395999999999999,12.115,11.845999999999998,11.603,11.392000000000001,11.220999999999998,11.095,11.009,10.952,10.913,10.885,13.15193333
31,Brunei Darussalam,BRN,"Birth rate, crude (per 1,000 people)",SP.DYN.CBRT.IN,28.465999999999998,27.768,26.759,25.421,24.116,22.9,21.788,20.836,20.075,19.475,19.012,18.618,18.225,17.857,17.483,17.137999999999998,16.881,16.746,16.773,16.91,17.128,17.344,17.334,17.203,16.942,16.546,16.054000000000002,15.544,15.05,14.585,19.23256667
32,Bhutan,BTN,"Birth rate, crude (per 1,000 people)",SP.DYN.CBRT.IN,36.986,36.161,35.21,34.249,33.207,31.978,30.673000000000002,29.235,28.096999999999998,26.845,25.58,24.384,23.399,22.386,22.451,22.0,21.337,21.078000000000003,20.651,20.009,19.541,18.994,18.541,18.218,17.743,17.152,16.076,14.912,13.789000000000001,12.870999999999999,23.79176667
33,Botswana,BWA,"Birth rate, crude (per 1,000 people)",SP.DYN.CBRT.IN,34.35,33.512,33.172,32.808,32.248000000000005,31.041999999999998,29.865,29.115,28.971,28.885,28.961,28.906,28.476999999999997,28.178,28.141,28.404,28.635,28.563000000000002,28.406,28.175,27.898000000000003,27.596,27.406999999999996,27.096999999999998,26.771,26.409000000000002,26.13,25.671999999999997,25.328000000000003,24.886999999999997,28.8003
34,Central African Republic,CAF,"Birth rate, crude (per 1,000 people)",SP.DYN.CBRT.IN,46.292,45.98,45.407,44.926,44.538999999999994,44.482,44.266000000000005,43.79600000000001,43.513999999999996,43.397,43.25899999999999,42.809,42.635,42.765,42.545,42.633,42.771,42.776,42.925,43.019,43.236999999999995,43.223,43.006,42.413999999999994,41.92100000000001,41.044,41.208999999999996,41.602,41.831,41.92,43.20476667
35,Canada,CAN,"Birth rate, crude (per 1,000 people)",SP.DYN.CBRT.IN,15.0,14.4,14.1,13.5,13.3,12.9,12.4,11.7,11.4,11.1,10.7,10.8,10.5,10.6,10.6,10.6,10.9,11.2,11.4,11.3,11.1,11.0,11.0,10.8,10.8,10.7,10.6,10.3,10.1,9.9,11.49
36,Central Europe and the Baltics,CEB,"Birth rate, crude (per 1,000 people)",SP.DYN.CBRT.IN,13.54862721,13.01128569,12.27705968,11.81865121,11.32663286,10.51743481,10.32663227,10.1235006,9.832819419,9.712223889,9.770927433999999,9.436892194,9.277037694,9.284178679,9.499468537,9.760673841000001,9.95849847,10.20763486,10.74505599,10.78255086,10.54420078,9.973222786000001,9.976633197,9.63832193,9.934669415,9.888469993,10.13469667,10.37061864,10.10058065,9.909592174,10.38962641
37,Switzerland,CHE,"Birth rate, crude (per 1,000 people)",SP.DYN.CBRT.IN,12.5,12.7,12.6,12.1,11.9,11.7,11.7,11.4,11.1,11.0,10.9,10.0,9.9,9.8,9.9,9.8,9.8,9.9,10.0,10.1,10.3,10.2,10.3,10.2,10.4,10.5,10.5,10.3,10.3,10.0,10.72666667
38,Channel Islands,CHI,"Birth rate, crude (per 1,000 people)",SP.DYN.CBRT.IN,13.19336278,13.30912636,13.37924527,13.25452769,13.12593882,12.8929075,12.66637742,12.40691332,12.15579949,11.79468411,11.43104896,11.11308921,10.90597756,10.93426632,10.92030119,10.97086155,11.08004079,11.23184859,11.35458812,11.32153017,11.13851134,10.99994297,10.71737034,10.46972978,10.29755394,10.06227264,9.949853715,9.726719729,9.661662452,9.834130217,11.41000608
39,Chile,CHL,"Birth rate, crude (per 1,000 people)",SP.DYN.CBRT.IN,22.19,21.866,21.048000000000002,20.503,19.918,19.155,18.542,17.847,17.195,16.526,15.963,15.658,15.367,14.802,14.379000000000001,14.169,14.139000000000001,14.300999999999998,14.459000000000001,14.464,14.327,14.109000000000002,13.857000000000001,13.697000000000001,13.545,13.210999999999999,12.7,12.13,11.94,11.855,15.7954
40,China,CHN,"Birth rate, crude (per 1,000 people)",SP.DYN.CBRT.IN,21.06,19.68,18.27,18.09,17.7,17.12,16.98,16.57,15.64,14.64,14.03,13.38,12.86,12.41,12.29,12.4,12.09,12.1,12.14,11.95,11.9,13.27,14.57,13.03,13.83,11.99,13.57,12.64,10.86,10.41,14.249
41,Cote d'Ivoire,CIV,"Birth rate, crude (per 1,000 people)",SP.DYN.CBRT.IN,46.754,46.428999999999995,46.00899999999999,45.43600000000001,44.89,45.0,44.831,44.978,45.157,44.99100000000001,44.753,44.193999999999996,43.53,43.015,42.227,41.602,40.91,40.248000000000005,39.676,39.179,38.815,38.435,37.742,37.137,36.6,36.282,35.959,35.863,35.007,34.554,41.3401
42,Cameroon,CMR,"Birth rate, crude (per 1,000 people)",SP.DYN.CBRT.IN,44.137,43.864,43.518,43.102,42.663999999999994,42.09,41.486999999999995,41.07,41.055,41.287,41.018,40.775,40.954,41.191,41.263999999999996,41.088,40.955999999999996,40.786,40.553000000000004,40.33,39.958,39.368,38.76,38.236999999999995,37.818000000000005,37.806999999999995,37.747,37.403,36.716,36.147,40.43833333
43,"Congo, Dem. Rep.",COD,"Birth rate, crude (per 1,000 people)",SP.DYN.CBRT.IN,46.005,46.104,45.913000000000004,45.70399999999999,45.905,47.093,46.791000000000004,45.843,45.105,45.033,45.004,44.816,44.696999999999996,44.534,44.256,44.196000000000005,44.393,44.36600000000001,44.43,44.573,44.526,44.701,44.646,44.229,43.992,43.641000000000005,43.411,43.251000000000005,42.989,42.656000000000006,44.7601
44,"Congo, Rep.",COG,"Birth rate, crude (per 1,000 people)",SP.DYN.CBRT.IN,38.847,38.701,38.626,38.427,38.313,38.175,38.222,38.283,37.973,37.705,37.158,37.615,37.547,37.269,37.403,37.359,37.498000000000005,37.664,38.209,38.425,38.858000000000004,38.232,37.508,36.498000000000005,35.527,34.648,33.705999999999996,33.025,32.336999999999996,31.676,37.0478
45,Colombia,COL,"Birth rate, crude (per 1,000 people)",SP.DYN.CBRT.IN,27.374000000000002,27.011,26.559,26.090999999999998,25.53,24.939,24.351,23.730999999999998,23.165,22.649,22.114,21.576,21.021,20.444000000000003,19.852999999999998,19.265,18.688,18.173,17.702,17.275,16.909000000000002,16.609,16.344,16.088,15.834000000000001,15.585,15.353,15.081,14.841,14.682,20.16123333
46,Comoros,COM,"Birth rate, crude (per 1,000 people)",SP.DYN.CBRT.IN,41.986999999999995,41.352,40.632,39.804,38.89,38.407,38.003,37.505,37.046,36.507,35.895,35.505,35.016999999999996,34.525999999999996,34.561,34.515,34.293,34.07,33.938,33.944,33.924,33.841,33.408,32.996,32.594,32.147,31.756,31.33,30.859,30.4,35.32173333
47,Cabo Verde,CPV,"Birth rate, crude (per 1,000 people)",SP.DYN.CBRT.IN,38.427,37.744,37.032,36.24,35.147,34.008,32.825,31.739,30.714000000000002,29.811999999999998,29.024,28.101,27.255,26.413,25.64,25.004,24.394000000000002,23.738000000000003,23.276,22.772,21.565,21.726999999999997,20.233,19.649,19.539,19.180999999999997,19.289,19.006,17.820999999999998,17.463,26.4926
48,Costa Rica,CRI,"Birth rate, crude (per 1,000 people)",SP.DYN.CBRT.IN,26.734,25.831,24.999000000000002,24.287,23.570999999999998,22.845,22.058000000000003,21.503,20.679000000000002,20.301,19.788,19.104,18.12,17.656,17.227999999999998,16.99,16.797,16.823,16.899,16.53,16.04,15.772,15.482999999999999,15.093,14.852,14.522,14.145,13.925999999999998,13.562000000000001,12.847000000000001,18.4995
49,Caribbean small states,CSS,"Birth rate, crude (per 1,000 people)",SP.DYN.CBRT.IN,25.03154723,24.84839831,24.74338568,24.355549399999997,23.760746700000002,23.22509784,22.14869267,21.87860063,21.31567816,20.59335146,19.61946478,19.27793925,18.92400212,18.70707609,18.5410576,18.25594715,18.02395752,17.43388134,17.35537763,17.11157186,16.46736925,16.35877686,16.17522439,15.76708127,15.45301837,15.39919365,14.96688608,14.47267735,14.18916313,13.93626369,18.94456591
50,Cuba,CUB,"Birth rate, crude (per 1,000 people)",SP.DYN.CBRT.IN,17.48,16.033,14.977,14.147,13.572000000000001,13.374,12.799000000000001,13.578,13.444,13.287,12.628,12.171,12.262,11.829,11.030999999999999,10.446,9.752,9.921,10.83,11.487,11.417,11.76,11.190999999999999,11.122,10.86,10.972000000000001,10.350999999999999,10.182,10.347999999999999,9.752,12.1001
51,Curacao,CUW,"Birth rate, crude (per 1,000 people)",SP.DYN.CBRT.IN,,,,,,,,,,,,,,,,,13.6,13.4,13.8,13.0,13.6,13.1,13.4,12.7,12.6,11.9,11.2,9.7,10.5,10.1,12.32857143
52,Cayman Islands,CYM,"Birth rate, crude (per 1,000 people)",SP.DYN.CBRT.IN,18.6,18.2,18.1,17.6,17.0,14.9,16.3,15.9,14.5,15.5,15.4,15.0,13.7,14.3,15.2,15.7,13.4,13.8,14.2,14.6,14.8,14.5,13.6,12.5,12.5,11.0,10.8,9.9,9.9,9.8,14.37333333
53,Cyprus,CYP,"Birth rate, crude (per 1,000 people)",SP.DYN.CBRT.IN,19.265,18.649,19.579,17.812,16.980999999999998,15.763,15.049000000000001,14.258,13.530999999999999,12.872,12.655,12.182,11.786,11.949000000000002,12.110999999999999,11.882,12.243,11.821,12.167,12.286,12.045,11.507,11.762,11.088,11.163,11.208,11.419,10.994000000000002,10.843,10.794,13.25546667
54,Czechia,CZE,"Birth rate, crude (per 1,000 people)",SP.DYN.CBRT.IN,12.6,12.5,11.8,11.7,10.3,9.3,8.8,8.8,8.8,8.7,8.9,8.9,9.1,9.2,9.6,10.0,10.3,11.1,11.5,11.3,11.2,10.4,10.3,10.2,10.4,10.5,10.7,10.8,10.7,10.5,10.29666667
55,Germany,DEU,"Birth rate, crude (per 1,000 people)",SP.DYN.CBRT.IN,11.4,10.4,10.0,9.8,9.5,9.4,9.7,9.9,9.6,9.4,9.3,8.9,8.7,8.6,8.6,8.3,8.2,8.3,8.3,8.1,8.3,8.3,8.4,8.5,8.8,9.0,9.6,9.5,9.5,9.4,9.123333333
56,Djibouti,DJI,"Birth rate, crude (per 1,000 people)",SP.DYN.CBRT.IN,38.749,38.177,37.673,37.207,36.56,35.616,34.66,33.71,33.376,33.369,33.233000000000004,33.123000000000005,32.788000000000004,32.15,31.142,30.226,29.166999999999998,28.331,27.434,26.79,26.118000000000002,25.521,25.06,24.66,24.206999999999997,23.889,23.516,23.276,22.982,22.748,30.18193333
57,Dominica,DMA,"Birth rate, crude (per 1,000 people)",SP.DYN.CBRT.IN,23.0,,24.0,,21.6,,19.1,21.5,16.2,,,,15.4,,,,14.9,,,,13.6,,,,12.0,,,9.6,,,17.35454545
58,Denmark,DNK,"Birth rate, crude (per 1,000 people)",SP.DYN.CBRT.IN,12.3,12.5,13.1,13.0,13.4,13.3,12.9,12.8,12.5,12.4,12.6,12.2,11.9,12.0,12.0,11.9,12.0,11.7,11.8,11.4,11.4,10.6,10.4,10.0,10.1,10.2,10.8,10.6,10.6,10.5,11.76333333
59,Dominican Republic,DOM,"Birth rate, crude (per 1,000 people)",SP.DYN.CBRT.IN,30.886999999999997,30.37,29.802,29.25,28.607,27.778000000000002,27.026,26.079,25.219,25.006,24.842,24.316999999999997,23.868000000000002,23.425,22.971999999999998,22.485,21.865,21.705,21.947,22.131999999999998,22.038,21.791999999999998,21.454,21.166,20.866999999999997,20.596,20.258,19.993,19.762,19.291,23.8933
60,Algeria,DZA,"Birth rate, crude (per 1,000 people)",SP.DYN.CBRT.IN,30.761999999999997,30.031,29.513,28.43,27.211,24.758000000000003,22.745,21.154,20.017,19.68,19.543,19.433,19.421,19.959,20.534000000000002,21.166,21.831,22.65,23.413,24.051,24.458000000000002,24.815,25.381999999999998,25.236,25.404,25.405,25.166,24.755,24.074,23.298000000000002,23.80983333
61,East Asia & Pacific (excluding high income),EAP,"Birth rate, crude (per 1,000 people)",SP.DYN.CBRT.IN,22.79691,21.75540013,20.59610677,20.32294693,19.88729027,19.31268675,19.06486606,18.62844918,17.78300264,16.90754325,16.36804509,15.85085648,15.40589276,15.00169039,14.84949647,14.87501085,14.62871623,14.6462807,14.63484553,14.44186874,14.32389255,15.23204092,16.08327877,14.94332561,15.38681832,14.03326002,14.98639057,14.25434828,12.97561834,12.60448435,16.41937877
62,Early-demographic dividend,EAR,"Birth rate, crude (per 1,000 people)",SP.DYN.CBRT.IN,32.61553003,32.11466436,31.4732435,30.80756669,30.2325363,29.63206706,29.02268422,28.482773100000003,27.96326497,27.47661354,27.10469713,26.81215558,26.28850449,25.74649495,25.29972728,24.7990545,24.37509475,24.12575566,23.82839431,23.50522174,23.15339018,22.82228645,22.50255703,22.15047763,21.58966078,21.22588861,20.83917889,20.36011245,20.054011399999997,19.57827063,25.53272927
63,East Asia & Pacific,EAS,"Birth rate, crude (per 1,000 people)",SP.DYN.CBRT.IN,21.559798999999998,20.65640333,19.64206905,19.37248796,19.01268037,18.46910723,18.230162399999998,17.822867199999997,17.02721496,16.22732718,15.77610778,15.23898104,14.80582435,14.42691099,14.24746586,14.24112678,14.04800052,14.09977126,14.07932519,13.88463977,13.77946428,14.59492507,15.37162026,14.29993458,14.69431828,13.48578334,14.30975806,13.61465006,12.44116653,12.07110211,15.71769983
64,Europe & Central Asia (excluding high income),ECA,"Birth rate, crude (per 1,000 people)",SP.DYN.CBRT.IN,18.30149607,17.4586338,16.52302072,15.56002264,15.21697652,14.80749095,14.28457756,13.80447821,13.59746943,13.07632478,13.03301256,13.08703053,13.16776206,13.28552513,13.64724666,13.59322764,13.9175813,14.54281082,15.12304917,15.27502244,15.26228415,15.27712181,15.65298205,15.73645931,15.91430757,15.88274621,15.53165666,14.61505388,14.24327603,13.76451063,14.77277191
65,Europe & Central Asia,ECS,"Birth rate, crude (per 1,000 people)",SP.DYN.CBRT.IN,14.90624629,14.39545554,13.81704373,13.2282096,12.88380788,12.55282371,12.327568699999999,12.10678326,11.92835238,11.65051393,11.67068002,11.55275519,11.54365975,11.62529088,11.84188054,11.8042435,12.01705004,12.32465611,12.71505513,12.68580545,12.68939181,12.54854819,12.65847447,12.50881367,12.63777979,12.56746531,12.46282516,11.97746861,11.68631575,11.36966874,12.4228211
66,Ecuador,ECU,"Birth rate, crude (per 1,000 people)",SP.DYN.CBRT.IN,29.969,29.499000000000002,28.971999999999998,28.522,28.129,27.678,27.259,26.796,26.410999999999998,25.926,25.401999999999997,24.912,24.46,24.019000000000002,23.596999999999998,23.2,22.898000000000003,22.636999999999997,22.379,22.142,21.892,21.701999999999998,21.004,20.1,19.339000000000002,18.74,18.224,17.996,17.658,17.338,23.62666667
67,"Egypt, Arab Rep.",EGY,"Birth rate, crude (per 1,000 people)",SP.DYN.CBRT.IN,33.207,32.028,31.729,30.701,29.787,29.01,28.336,27.935,27.799,27.355999999999998,26.986,26.833000000000002,26.476999999999997,26.336,25.97,25.976999999999997,25.881999999999998,26.16,26.146,26.291,27.16,27.379,27.978,28.455,28.416,28.078000000000003,25.913,25.230999999999998,24.561999999999998,23.568,27.58953333
68,Euro area,EMU,"Birth rate, crude (per 1,000 people)",SP.DYN.CBRT.IN,11.71516938,11.37080019,11.203652400000001,10.934773,10.56513644,10.43548308,10.51573827,10.55939799,10.4717835,10.47038466,10.62658004,10.3924158,10.33288703,10.34467695,10.42037604,10.30334721,10.38170639,10.38378149,10.55601446,10.34514008,10.35971184,10.16417077,10.00177881,9.735779414,9.793273424,9.664666368999999,9.710161977,9.48158094,9.285443955,9.111708169,10.32125067
69,Eritrea,ERI,"Birth rate, crude (per 1,000 people)",SP.DYN.CBRT.IN,42.662,42.003,41.696999999999996,40.914,41.483999999999995,40.561,42.342,40.646,39.359,38.19,37.617,36.827,37.239000000000004,36.8,37.272,36.677,36.24,35.301,34.667,34.402,33.692,33.114000000000004,32.424,31.719,31.214000000000002,30.416999999999998,29.91,29.421,29.105,28.941,36.09523333
70,Spain,ESP,"Birth rate, crude (per 1,000 people)",SP.DYN.CBRT.IN,10.3,10.2,10.1,9.8,9.4,9.1,9.1,9.2,9.1,9.4,9.8,9.9,10.1,10.4,10.6,10.6,10.8,10.9,11.3,10.6,10.4,10.1,9.7,9.1,9.2,9.0,8.8,8.4,7.9,7.6,9.696666667
71,Estonia,EST,"Birth rate, crude (per 1,000 people)",SP.DYN.CBRT.IN,14.2,12.4,11.8,10.2,9.7,9.4,9.4,9.0,8.8,9.0,9.4,9.1,9.4,9.5,10.3,10.6,11.0,11.8,12.0,11.8,11.9,11.1,10.6,10.3,10.3,10.6,10.7,10.5,10.9,10.6,10.54333333
72,Ethiopia,ETH,"Birth rate, crude (per 1,000 people)",SP.DYN.CBRT.IN,50.052,49.797,49.056000000000004,48.723,48.191,47.648,47.371,46.776,45.842,45.269,44.501000000000005,44.028999999999996,43.39,42.306000000000004,41.657,40.997,40.232,39.51,38.46,37.293,36.528,35.846,34.845,33.938,33.554,33.428000000000004,33.315,33.059,32.996,33.123000000000005,41.05773333
73,European Union,EUU,"Birth rate, crude (per 1,000 people)",SP.DYN.CBRT.IN,12.16444461,11.78834902,11.49874755,11.19959987,10.82321767,10.51434069,10.51424936,10.4903667,10.35230268,10.31978832,10.46050781,10.21853864,10.14102963,10.15725148,10.26220944,10.23009357,10.34410309,10.3925345,10.63915355,10.479543699999999,10.44799336,10.14649359,10.0327267,9.748231623999999,9.858402621,9.74247631,9.841289733,9.717667965,9.508718509,9.328602174,10.37876582
74,Fragile and conflict affected situations,FCS,"Birth rate, crude (per 1,000 people)",SP.DYN.CBRT.IN,39.28765305,39.0778526,38.82762395,38.66097093,38.40720337,38.35321324,38.1170852,37.78077125,37.48133456,37.44441421,37.35595319,37.27882202,37.21093419,37.03146297,36.85535245,36.67075327,36.58742359,36.48001811,36.35499825,36.17845027,35.98582013,35.78329514,35.42424509,34.97839861,34.57157201,34.20126975,33.84184948,33.45373019,33.13359825,32.88629939,36.52341229
75,Finland,FIN,"Birth rate, crude (per 1,000 people)",SP.DYN.CBRT.IN,13.1,13.0,13.2,12.8,12.8,12.3,11.8,11.5,11.1,11.1,11.0,10.8,10.7,10.9,11.0,11.0,11.2,11.1,11.2,11.3,11.4,11.1,11.0,10.7,10.5,10.1,9.6,9.1,8.6,8.3,11.11
76,Fiji,FJI,"Birth rate, crude (per 1,000 people)",SP.DYN.CBRT.IN,29.177,28.584,27.945999999999998,27.249000000000002,26.588,26.266,26.000999999999998,25.386,24.813000000000002,24.561999999999998,24.34,24.289,24.267,24.241999999999997,24.066999999999997,23.796,24.051,23.859,23.614,23.171999999999997,22.664,22.125999999999998,21.925,21.835,21.683000000000003,21.45,21.05,20.55,20.187,19.962,23.99003333
77,France,FRA,"Birth rate, crude (per 1,000 people)",SP.DYN.CBRT.IN,13.4,13.2,13.1,13.0,12.5,12.8,12.8,12.7,12.8,12.9,13.3,13.1,12.9,12.8,12.8,12.8,13.1,12.8,12.9,12.8,12.9,12.7,12.6,12.4,12.4,12.0,11.8,11.5,11.3,11.2,12.64333333
78,Faroe Islands,FRO,"Birth rate, crude (per 1,000 people)",SP.DYN.CBRT.IN,19.9,18.3,17.2,16.6,15.0,14.8,15.5,15.1,14.0,13.9,15.1,13.6,15.0,14.7,14.8,14.7,13.7,14.0,13.8,12.6,13.2,12.0,12.9,13.0,13.2,12.4,13.6,13.1,13.4,13.2,14.41
79,"Micronesia, Fed. Sts.",FSM,"Birth rate, crude (per 1,000 people)",SP.DYN.CBRT.IN,34.149,33.747,33.427,33.046,32.525,32.167,32.385,32.385999999999996,32.257,31.866999999999997,31.423000000000002,30.357,29.213,28.326999999999998,27.647,26.962,26.139,25.430999999999997,24.819000000000003,24.284000000000002,23.695999999999998,23.405,22.975,22.651999999999997,22.266,21.855,21.714000000000002,21.451,21.2,21.059,27.49436667
80,Gabon,GAB,"Birth rate, crude (per 1,000 people)",SP.DYN.CBRT.IN,37.635,37.222,36.839,36.378,35.578,34.82,34.248000000000005,33.992,33.777,33.501999999999995,33.471,33.279,33.101,32.884,32.771,32.722,32.68,32.685,32.675,32.96,33.177,33.223,32.718,32.181999999999995,31.622,31.035999999999998,30.362,29.713,29.004,28.354,33.15366667
81,United Kingdom,GBR,"Birth rate, crude (per 1,000 people)",SP.DYN.CBRT.IN,13.9,13.8,13.6,13.2,13.0,12.6,12.6,12.5,12.3,11.9,11.5,11.3,11.3,11.7,11.9,12.0,12.3,12.6,12.9,12.7,12.9,12.8,12.8,12.1,12.0,11.9,11.8,11.4,11.0,10.7,12.3
82,Georgia,GEO,"Birth rate, crude (per 1,000 people)",SP.DYN.CBRT.IN,18.462,17.795,16.552,15.481,14.652000000000001,14.088,13.552999999999999,13.1,12.637,12.185,11.979000000000001,11.77,11.798,11.811,12.220999999999998,12.482999999999999,12.648,13.122,13.9,14.789000000000001,15.109000000000002,14.937000000000001,14.842,15.102,15.442,15.79,15.470999999999998,14.856,14.395,13.450999999999999,14.14736667
83,Ghana,GHA,"Birth rate, crude (per 1,000 people)",SP.DYN.CBRT.IN,40.372,39.613,38.744,37.909,36.763000000000005,36.171,35.415,35.258,35.266999999999996,35.418,35.865,35.635,35.344,34.939,34.535,34.885,34.124,33.561,33.205999999999996,32.982,33.004,32.957,32.885,32.535,31.834,31.713,30.526999999999997,28.978,29.025,28.572,34.26786667
84,Gibraltar,GIB,"Birth rate, crude (per 1,000 people)",SP.DYN.CBRT.IN,17.226,17.363,17.497,17.533,17.59,17.64,17.465,16.119,14.960999999999999,13.929,13.015,12.128,11.187999999999999,11.117,11.193,11.265999999999998,11.328,11.440999999999999,11.572000000000001,11.757,11.959000000000001,12.095999999999998,12.14,11.731,12.706,13.604000000000001,11.915999999999999,11.482000000000001,11.242,11.015,13.44063333
85,Guinea,GIN,"Birth rate, crude (per 1,000 people)",SP.DYN.CBRT.IN,46.318000000000005,46.385,46.23,45.86600000000001,45.153,44.428999999999995,44.218,43.716,42.70399999999999,42.245,41.641999999999996,41.003,40.547,40.125,39.933,39.921,39.815,39.801,39.760999999999996,39.729,39.369,38.902,38.44,38.134,37.891,37.891,37.396,36.625,35.931,35.436,40.85186667
86,"Gambia, The",GMB,"Birth rate, crude (per 1,000 people)",SP.DYN.CBRT.IN,45.733000000000004,45.597,45.383,45.145,44.978,44.67,44.277,44.095,44.075,43.599,43.146,42.92100000000001,42.519,42.253,42.201,42.138000000000005,42.36600000000001,42.086000000000006,41.757,41.468999999999994,41.083999999999996,40.69,40.135999999999996,39.398,38.486,37.576,36.59,35.743,34.924,34.281,41.64386667
87,Guinea-Bissau,GNB,"Birth rate, crude (per 1,000 people)",SP.DYN.CBRT.IN,44.461999999999996,44.111999999999995,44.178999999999995,44.06399999999999,44.008,43.708999999999996,43.461000000000006,43.352,43.028,42.727,42.493,42.132,42.257,42.048,41.655,41.358000000000004,41.032,40.911,40.003,39.1,38.427,38.303000000000004,37.945,37.46,36.472,35.519,34.501999999999995,33.285,32.657,32.093,40.22513333
88,Equatorial Guinea,GNQ,"Birth rate, crude (per 1,000 people)",SP.DYN.CBRT.IN,46.033,45.625,45.208999999999996,44.81100000000001,44.412,43.855,43.327,42.793,42.28,41.772,41.318999999999996,40.704,40.285,40.047,39.967,39.948,39.873000000000005,39.766999999999996,39.528,39.163000000000004,38.674,38.06,37.458,36.803000000000004,36.047,35.229,34.391999999999996,33.507,32.667,31.874000000000002,39.84763333
89,Greece,GRC,"Birth rate, crude (per 1,000 people)",SP.DYN.CBRT.IN,10.0,9.9,10.0,9.7,9.9,9.6,9.5,9.6,9.4,9.4,9.6,9.4,9.5,9.6,9.6,9.8,10.2,10.1,10.7,10.6,10.3,9.6,9.1,8.6,8.5,8.5,8.6,8.2,8.1,7.8,9.446666667
90,Grenada,GRD,"Birth rate, crude (per 1,000 people)",SP.DYN.CBRT.IN,27.980999999999998,27.708000000000002,26.074,24.156,23.241,22.517,22.129,21.796,19.107,18.051,18.184,17.619,17.385,17.214000000000002,17.24,17.349,17.492,17.642,17.776,17.877,17.927,17.918,17.897000000000002,17.836,17.743,17.605,17.419,17.191,16.92,16.617,19.4537
91,Greenland,GRL,"Birth rate, crude (per 1,000 people)",SP.DYN.CBRT.IN,22.6,21.5,22.4,21.4,20.5,19.7,18.8,19.6,17.5,16.8,15.6,16.7,16.9,15.5,15.7,15.6,14.8,15.1,14.8,15.9,15.3,14.4,13.9,14.5,14.3,15.2,14.8,15.2,14.6,15.1,16.82333333
92,Guatemala,GTM,"Birth rate, crude (per 1,000 people)",SP.DYN.CBRT.IN,39.171,38.65,38.418,38.069,37.794000000000004,37.349000000000004,36.766,36.228,35.777,34.914,34.505,34.143,33.227,32.249,31.397,30.438000000000002,29.658,29.195,28.43,27.934,27.525,27.198,26.91,26.336,26.076999999999998,25.834,25.541,24.791,23.929000000000002,22.858,31.37703333
93,Guam,GUM,"Birth rate, crude (per 1,000 people)",SP.DYN.CBRT.IN,26.543000000000003,26.225,25.857,25.511,25.236,24.976,24.811,24.631,24.523000000000003,24.203000000000003,23.89,23.146,20.85,21.092,21.750999999999998,20.404,21.47,21.927,21.682,21.335,21.169,20.088,21.421999999999997,19.469,19.615,19.15,19.123,17.997,17.02,16.624000000000002,22.058
94,Guyana,GUY,"Birth rate, crude (per 1,000 people)",SP.DYN.CBRT.IN,29.116999999999997,28.717,28.730999999999998,28.598000000000003,28.381999999999998,28.135,27.752,27.337,26.893,26.357,25.772,25.149,24.516,23.9,23.426,22.994,22.608,22.295,22.031,21.831999999999997,21.705,21.621,21.544,21.502,21.423000000000002,21.31,21.139,20.958000000000002,20.77,20.828000000000003,24.24473333
95,High income,HIC,"Birth rate, crude (per 1,000 people)",SP.DYN.CBRT.IN,14.22385809,13.93034213,13.6884791,13.35284394,13.11492644,12.77228595,12.6584787,12.51804984,12.361542199999999,12.22419355,12.33667033,11.98593021,11.82626217,11.81731731,11.73199774,11.6472661,11.84564499,11.96836422,11.99058558,11.74188449,11.60777399,11.41386525,11.36466841,11.03754706,11.07480991,10.96771818,10.85351513,10.56989181,10.33473326,10.09790289,11.96864497
96,"Hong Kong SAR, China",HKG,"Birth rate, crude (per 1,000 people)",SP.DYN.CBRT.IN,12.0,12.0,12.3,12.0,11.9,11.2,9.9,9.1,8.1,7.8,8.1,7.2,7.1,6.9,7.2,8.4,9.6,10.2,11.3,11.8,12.6,13.5,12.8,8.0,8.6,8.2,8.3,7.7,7.2,7.0,9.6
97,Honduras,HND,"Birth rate, crude (per 1,000 people)",SP.DYN.CBRT.IN,38.032,37.72,37.47,37.211,36.779,36.215,35.757,35.274,35.023,34.561,33.841,32.986,32.052,31.101,30.188000000000002,29.314,28.479,27.64,26.871,26.112,25.392,24.717,24.111,23.569000000000003,23.123,22.750999999999998,22.44,22.16,21.895,21.628,29.81373333
98,Heavily indebted poor countries (HIPC),HPC,"Birth rate, crude (per 1,000 people)",SP.DYN.CBRT.IN,45.91437193,45.66782399,45.36881634,45.11353365,44.71479574,44.63421788,44.35332356,43.95891197,43.56120912,43.34378989,43.00908259,42.686461200000004,42.33911039,41.9701539,41.63755016,41.36557732,41.08769439,40.70956661,40.24993882,39.89446623,39.53256971,39.06846470000001,38.54225734,38.0706157,37.64222855,37.30671635,36.89500216,36.4953285,36.1524511,35.83525738,41.23737624
99,Croatia,HRV,"Birth rate, crude (per 1,000 people)",SP.DYN.CBRT.IN,11.6,11.1,10.3,10.6,10.4,10.9,11.8,12.2,10.4,10.0,9.8,9.2,9.0,8.9,9.1,9.562999999999999,9.33,9.4,9.9,10.1,9.8,9.6,9.8,9.4,9.3,8.9,9.0,8.9,9.0,8.9,9.8731
100,Haiti,HTI,"Birth rate, crude (per 1,000 people)",SP.DYN.CBRT.IN,38.263000000000005,37.063,36.351,35.561,34.873000000000005,34.229,33.681,33.154,32.562,32.088,31.836,30.994,30.333000000000002,29.901,29.465999999999998,29.018,28.613000000000003,28.175,27.831,27.615,27.526999999999997,27.203000000000003,26.595,26.09,25.771,25.51,25.254,24.98,24.579,24.304000000000002,29.98066667
101,Hungary,HUN,"Birth rate, crude (per 1,000 people)",SP.DYN.CBRT.IN,12.1,12.3,11.7,11.3,11.2,10.8,10.2,9.8,9.5,9.2,9.6,9.5,9.5,9.3,9.4,9.7,9.9,9.7,9.9,9.6,9.0,8.8,9.1,9.0,9.5,9.4,9.7,9.7,9.6,9.5,9.916666667
102,IBRD only,IBD,"Birth rate, crude (per 1,000 people)",SP.DYN.CBRT.IN,25.44478572,24.65070938,23.798898100000002,23.3174049,22.859788899999998,22.29007019,21.88686467,21.42897357,20.84333399,20.21369063,19.85639699,19.51552072,19.09374236,18.71563614,18.50479865,18.3096177,18.02175084,17.92967593,17.86342634,17.68787585,17.52210487,17.799209,18.06218726,17.40206509,17.34124208,16.60026462,16.78824,16.18255107,15.42853486,14.92445767,19.34279394
103,IDA & IBRD total,IBT,"Birth rate, crude (per 1,000 people)",SP.DYN.CBRT.IN,28.7266663,28.01462634,27.26933336,26.82429579,26.40692182,25.90880142,25.52105352,25.10199108,24.57932184,24.06419896,23.75001929,23.46126223,23.1102334,22.76464059,22.56085237,22.36265869,22.11145109,22.04089094,21.96019031,21.78972759,21.61872727,21.77188679,21.90590162,21.34914121,21.23063799,20.60905828,20.69593152,20.18055888,19.59253574,19.19973492,23.21610837
104,IDA total,IDA,"Birth rate, crude (per 1,000 people)",SP.DYN.CBRT.IN,42.13311242,41.66157741,41.16910848,40.70527861,40.28319415,39.93347062,39.44015388,39.01186067,38.56760868,38.31088945,37.97466258,37.68801545,37.39372585,36.96960657,36.60513919,36.21362767,35.89886103,35.71176179,35.40443243,35.07387434,34.70131515,34.288118,33.87057091,33.50320544,33.08030415,32.68860896,32.33077696,31.93313472,31.66724893,31.41723797,36.52101608
105,IDA blend,IDB,"Birth rate, crude (per 1,000 people)",SP.DYN.CBRT.IN,42.25896933,41.92032169,41.42606015,40.8003621,40.3320429,39.93445068,39.37121194,38.77557296,38.32300769,38.1554352,37.87167606,37.67487953,37.49940995,37.04382247,36.74168992,36.38878161,36.1457691,36.27414776,36.20666802,35.97588805,35.63830452,35.26604446,34.82861256,34.40499037,33.85931336,33.31708412,32.91854866,32.50070947,32.18351317,31.87282073,36.86367028
106,Indonesia,IDN,"Birth rate, crude (per 1,000 people)",SP.DYN.CBRT.IN,25.515,25.366999999999997,24.63,24.263,24.014,23.791,23.648000000000003,23.441,22.826,22.193,21.86,21.548000000000002,21.174,20.874000000000002,20.701,20.735,20.784000000000002,20.954,20.701999999999998,20.383,20.158,20.345,20.093,19.417,18.954,18.448,18.017,17.519000000000002,17.179000000000002,16.91,21.21476667
107,IDA only,IDX,"Birth rate, crude (per 1,000 people)",SP.DYN.CBRT.IN,42.06959725,41.53045325,41.03887412,40.65719189,40.25847918,39.93297424,39.47514966,39.13207366,38.69231539,38.39026002,38.02742808,37.6947694,37.33940024,36.93153132,36.53511186,36.12385665,35.77238749,35.42371811,34.99301487,34.61046675,34.21885241,33.78410784,33.37707839,33.03909124,32.67984291,32.36636403,32.03057525,31.64431184,31.40539293,31.18691238,36.34538609
108,Isle of Man,IMN,"Birth rate, crude (per 1,000 people)",SP.DYN.CBRT.IN,12.932,13.047,12.455,12.463,12.97,12.402999999999999,11.613,12.244000000000002,12.827,12.109000000000002,11.33,11.755,12.071,11.344000000000001,11.148,11.540999999999999,11.655,11.800999999999998,12.449000000000002,13.068,12.825999999999999,11.452,10.908,10.603,9.831,9.586,9.359,9.25,8.94,8.888,11.4956
109,India,IND,"Birth rate, crude (per 1,000 people)",SP.DYN.CBRT.IN,31.816,31.423000000000002,30.914,30.285,29.840999999999998,29.361,28.785999999999998,28.274,27.784000000000002,27.26,27.000999999999998,26.728,26.081999999999997,25.375,24.728,23.94,23.22,22.713,22.276,21.934,21.438000000000002,20.945,20.421,19.935,19.049,18.765,18.514,17.910999999999998,17.651,17.049,24.38063333
110,Not classified,INX,"Birth rate, crude (per 1,000 people)",SP.DYN.CBRT.IN,,,,,,,,,,,,,,,,,,,,,,,,,,,,,,,#DIV/0!
111,Ireland,IRL,"Birth rate, crude (per 1,000 people)",SP.DYN.CBRT.IN,15.1,14.9,14.4,13.8,13.4,13.5,13.9,14.4,14.5,14.4,14.4,15.0,15.4,15.4,15.2,14.8,15.3,16.2,16.7,16.7,16.5,16.2,15.6,14.9,14.4,13.9,13.4,12.9,12.5,12.0,14.65666667
112,"Iran, Islamic Rep.",IRN,"Birth rate, crude (per 1,000 people)",SP.DYN.CBRT.IN,32.46,30.928,28.549,26.089000000000002,22.778000000000002,20.448,18.593,17.338,16.802,16.56,16.39,16.276,16.069000000000003,15.958,16.067999999999998,16.199,16.489,16.897000000000002,17.264,17.548,17.755,18.164,18.926,19.445,19.824,19.428,19.017,18.608,17.230999999999998,15.118,19.3073
113,Iraq,IRQ,"Birth rate, crude (per 1,000 people)",SP.DYN.CBRT.IN,39.409,39.51,39.295,39.141999999999996,38.673,38.02,37.446999999999996,37.371,37.04,36.701,36.25,35.618,34.96,34.574,34.580999999999996,34.006,33.806,33.565,33.477,33.711,34.291,35.09,34.603,33.826,33.083,31.593000000000004,30.17,28.923000000000002,28.429000000000002,28.078000000000003,34.8414
114,Iceland,ISL,"Birth rate, crude (per 1,000 people)",SP.DYN.CBRT.IN,18.7,17.6,17.7,17.5,16.7,16.0,16.1,15.3,15.2,14.8,15.3,14.4,14.1,14.3,14.5,14.4,14.5,14.6,15.2,15.8,15.4,14.1,14.1,13.4,13.4,12.5,12.0,11.9,12.0,12.3,14.79333333
115,Israel,ISR,"Birth rate, crude (per 1,000 people)",SP.DYN.CBRT.IN,22.2,21.4,21.5,21.3,21.2,21.1,21.3,21.4,21.9,21.5,21.7,21.2,21.2,21.7,21.3,20.8,21.0,21.1,21.5,21.5,21.8,21.4,21.6,21.3,21.5,21.3,21.2,21.1,20.8,20.1,21.33
116,Italy,ITA,"Birth rate, crude (per 1,000 people)",SP.DYN.CBRT.IN,10.0,9.9,10.0,9.7,9.4,9.2,9.3,9.4,9.4,9.4,9.5,9.4,9.4,9.5,9.8,9.6,9.6,9.7,9.8,9.6,9.5,9.2,9.0,8.5,8.3,8.0,7.8,7.6,7.3,7.0,9.126666667
117,Jamaica,JAM,"Birth rate, crude (per 1,000 people)",SP.DYN.CBRT.IN,25.322,25.695,26.011999999999997,25.951,25.605999999999998,24.994,23.205,22.991999999999997,22.412,21.139,19.12,18.808,18.609,18.519000000000002,18.534000000000002,18.016,18.075,16.673,16.548,16.354,15.329,15.264000000000001,15.037,14.54,13.96,14.123,13.47,12.748,12.22,11.994000000000002,18.70896667
118,Jordan,JOR,"Birth rate, crude (per 1,000 people)",SP.DYN.CBRT.IN,36.921,36.571999999999996,36.184,35.883,35.439,34.843,33.971,32.784,31.479,30.551,29.659000000000002,29.153000000000002,29.024,29.068,28.785,28.605,28.729,29.085,29.399,29.044,28.605,27.84,27.018,26.206999999999997,25.398000000000003,24.441,23.708000000000002,23.377,22.999000000000002,22.6,29.57903333
119,Japan,JPN,"Birth rate, crude (per 1,000 people)",SP.DYN.CBRT.IN,10.0,9.9,9.8,9.6,10.0,9.54,9.6,9.5,9.6,9.3,9.4,9.3,9.3,9.2,8.69,8.41,8.65,8.63,8.7,8.5,8.5,8.3,8.2,8.2,8.0,8.0,7.8,7.6,7.4,7.0,8.820666667
120,Kazakhstan,KAZ,"Birth rate, crude (per 1,000 people)",SP.DYN.CBRT.IN,22.18,21.53,20.54,19.26,18.93,17.46,16.25,15.15,14.75,14.57,14.92,14.91,15.29,16.63,18.19,18.42,19.71,20.79,22.75,22.14,22.53,22.51,22.7,22.73,23.1,22.71,22.52,21.64,21.77,21.73,19.61033333
121,Kenya,KEN,"Birth rate, crude (per 1,000 people)",SP.DYN.CBRT.IN,43.522,42.541000000000004,41.711999999999996,41.06399999999999,40.599000000000004,40.428000000000004,40.22,40.075,40.242,39.986999999999995,39.934,39.983000000000004,39.594,39.045,38.732,38.501999999999995,38.29,38.098,37.546,36.563,35.422,34.24,33.174,32.126999999999995,31.298000000000002,30.956999999999997,30.401,29.755,29.18,28.46,37.05636667
122,Kyrgyz Republic,KGZ,"Birth rate, crude (per 1,000 people)",SP.DYN.CBRT.IN,29.1,28.8,28.2,25.7,24.3,25.6,23.2,21.6,21.7,21.5,19.8,19.8,20.2,20.9,21.5,21.3,23.1,23.4,23.9,25.2,26.8,27.1,27.6,27.2,27.7,27.4,26.0,24.8,27.1,26.9,24.58
123,Cambodia,KHM,"Birth rate, crude (per 1,000 people)",SP.DYN.CBRT.IN,44.773,43.803000000000004,42.391999999999996,40.789,38.641,36.187,33.736999999999995,31.65,29.448,28.663,27.561999999999998,26.924,26.434,25.875999999999998,25.491999999999997,25.191,24.886,24.894000000000002,24.46,24.084,23.669,23.369,23.294,23.035,22.775,22.343000000000004,21.864,21.348000000000003,20.805,20.28,28.28893333
124,Kiribati,KIR,"Birth rate, crude (per 1,000 people)",SP.DYN.CBRT.IN,36.577,36.275999999999996,35.559,34.784,34.216,33.658,33.519,32.878,32.239000000000004,31.46,30.701999999999998,29.87,29.025,28.272,28.583000000000002,28.820999999999998,29.26,29.88,30.398000000000003,30.578000000000003,30.783,30.995,30.544,30.075,29.546999999999997,29.188000000000002,28.86,28.616,28.46,28.064,31.05623333
125,St. Kitts and Nevis,KNA,"Birth rate, crude (per 1,000 people)",SP.DYN.CBRT.IN,,,21.5,,,19.4,19.7,20.5,,,,17.3,17.3,,,,,,,,,,,,13.4,,,,,12.4,17.6875
126,"Korea, Rep.",KOR,"Birth rate, crude (per 1,000 people)",SP.DYN.CBRT.IN,15.2,16.4,16.7,16.0,16.0,15.7,15.0,14.5,13.7,13.2,13.5,11.7,10.3,10.2,9.8,9.0,9.2,10.1,9.4,9.0,9.4,9.4,9.6,8.6,8.6,8.6,7.9,7.0,6.4,5.9,11.2
127,Kuwait,KWT,"Birth rate, crude (per 1,000 people)",SP.DYN.CBRT.IN,22.158,20.905,20.167,19.855999999999998,22.02,24.013,24.201999999999998,23.296999999999997,22.502,21.884,21.616999999999997,21.649,21.712,21.943,22.109,22.085,22.055999999999997,21.929000000000002,21.7,21.494,21.203000000000003,20.949,20.035999999999998,19.119,18.234,16.892,14.8,14.386,13.443,12.437000000000001,20.3599
128,Latin America & Caribbean (excluding high income),LAC,"Birth rate, crude (per 1,000 people)",SP.DYN.CBRT.IN,27.41507061,26.87011016,26.30370266,25.88326504,25.39349656,24.92760598,24.37069264,23.87749455,23.41025979,22.94283557,22.4175381,21.87487306,21.31804069,20.75727647,20.41853868,20.06630745,19.64608734,19.25793812,18.92155856,18.69531861,18.4507314,18.248835500000002,17.91714481,17.62733132,17.39996807,17.12605276,16.60981359,16.39744279,16.1102533,15.630847099999999,20.87621438
129,Lao PDR,LAO,"Birth rate, crude (per 1,000 people)",SP.DYN.CBRT.IN,42.494,42.138000000000005,41.515,40.849000000000004,39.611999999999995,38.349000000000004,37.18,36.08,35.019,34.482,32.991,31.901999999999997,30.872,30.24,29.873,29.254,29.141,28.848000000000003,28.313000000000002,27.768,27.041999999999998,26.467,25.811,25.245,24.698,24.445,24.131,23.715,23.238000000000003,22.785999999999998,31.14993333
130,Lebanon,LBN,"Birth rate, crude (per 1,000 people)",SP.DYN.CBRT.IN,27.844,26.910999999999998,25.915,24.881,23.93,23.12,22.666999999999998,21.974,21.425,20.96,20.499000000000002,20.160999999999998,19.712,19.169,18.570999999999998,18.034000000000002,17.694000000000003,17.34,17.143,17.205,17.565,17.866,17.899,17.872,17.89,17.764,17.395,16.904,16.311,15.822000000000001,19.9481
131,Liberia,LBR,"Birth rate, crude (per 1,000 people)",SP.DYN.CBRT.IN,44.441,44.629,44.527,44.597,44.565,44.661,44.586999999999996,44.386,44.27,44.068000000000005,43.606,43.041000000000004,42.318000000000005,41.746,41.457,41.482,41.332,40.863,39.876,38.94,38.074,37.395,37.306999999999995,36.138000000000005,35.075,34.215,33.713,33.150999999999996,32.705999999999996,32.181,40.31156667
132,Libya,LBY,"Birth rate, crude (per 1,000 people)",SP.DYN.CBRT.IN,29.479,28.253,27.111,25.933000000000003,24.944000000000003,24.148000000000003,23.478,22.813000000000002,22.188000000000002,21.649,21.195,22.611,22.811,23.052,23.338,23.648000000000003,23.771,23.623,23.391,23.125999999999998,23.561999999999998,23.885,21.953000000000003,21.886,21.908,21.214000000000002,20.576,19.898,19.282,18.732,23.11526667
133,St. Lucia,LCA,"Birth rate, crude (per 1,000 people)",SP.DYN.CBRT.IN,27.989,27.279,26.579,25.865,25.115,24.308000000000003,23.32,22.223000000000003,21.031999999999996,19.776,18.514,17.369,16.352,15.488,14.752,14.185,13.758,13.425999999999998,13.128,12.864,12.618,12.55,12.495999999999999,12.444,12.392999999999999,12.321,12.229000000000001,12.114,11.985999999999999,11.834000000000001,17.21023333
134,Latin America & Caribbean,LCN,"Birth rate, crude (per 1,000 people)",SP.DYN.CBRT.IN,27.14516451,26.61023784,26.0434919,25.61780559,25.12797392,24.65364276,24.10870373,23.61705168,23.15128002,22.69160479,22.18193462,21.65743193,21.12587564,20.58228271,20.25275488,19.91681185,19.5162231,19.15336569,18.84045713,18.61920681,18.37546761,18.17039561,17.84614211,17.55931395,17.33116114,17.05473268,16.55019394,16.30675064,15.99660332,15.50435894,20.7102807
135,Least developed countries: UN classification,LDC,"Birth rate, crude (per 1,000 people)",SP.DYN.CBRT.IN,42.65275863,42.14185379999999,41.68681436,41.33994639,40.97488446,40.64835587,40.229130700000006,39.89510245,39.41348293,39.1068685,38.74002168,38.40720021,38.06266768,37.65791212,37.26157408,36.82734925,36.4823116,36.12342895,35.66018792,35.27804611,34.86722056,34.43040529,34.01775461,33.69008256,33.37022404,33.06516089,32.77030426,32.41135137,32.15733653,31.93226319,37.04340003
136,Low income,LIC,"Birth rate, crude (per 1,000 people)",SP.DYN.CBRT.IN,45.54453324,45.37874091,45.15537567,44.99270069,44.640653,44.59208181,44.21965024,43.72505276,43.22822749,42.95990061,42.55073398,42.23040749,41.85896534,41.43941538,41.08854895,40.75538346,40.49289462,40.18329493,39.77439639,39.39044494,38.96605584,38.51570647,38.03997617,37.53735033,37.06611894,36.67219082,36.27155598,35.8981226,35.57943589,35.32703407,40.8024983
137,Liechtenstein,LIE,"Birth rate, crude (per 1,000 people)",SP.DYN.CBRT.IN,13.2,14.2,12.7,13.8,11.7,13.8,13.1,13.9,12.6,12.4,12.9,12.1,11.7,10.2,10.8,11.0,10.3,10.0,9.9,11.4,9.1,10.9,9.7,9.2,10.0,8.7,10.0,8.9,9.9,9.2,11.24333333
138,Sri Lanka,LKA,"Birth rate, crude (per 1,000 people)",SP.DYN.CBRT.IN,20.586,20.483,20.36,19.761,19.289,18.88,18.39,17.937,17.458,17.703,18.189,18.805999999999997,18.914,18.885,18.771,18.820999999999998,19.203,18.979,18.468,17.907,17.553,17.512,17.317999999999998,17.005,16.396,15.886,15.495999999999999,15.17,14.805,14.534,17.98216667
139,Lower middle income,LMC,"Birth rate, crude (per 1,000 people)",SP.DYN.CBRT.IN,32.89163135,32.42317282,31.81400924,31.13332667,30.57390135,30.00662411,29.41470325,28.93511294,28.47681953,28.06494856,27.82242623,27.6083316,27.21872197,26.75773542,26.35689868,25.89049356,25.50805697,25.30715354,25.05904088,24.81979681,24.50366393,24.20461816,23.91671604,23.59847504,23.05958436,22.737746899999998,22.38016632,21.89881497,21.60294788,21.14091509,26.50421847
140,Low & middle income,LMY,"Birth rate, crude (per 1,000 people)",SP.DYN.CBRT.IN,28.92862378,28.21211219,27.46557374,27.01901066,26.59868973,26.10604864,25.71070922,25.28611291,24.75990254,24.23798966,23.91458658,23.6221833,23.26499047,22.91116562,22.69986513,22.49190194,22.23202113,22.15612398,22.06704537,21.89439692,21.7191184,21.8834501,22.01935445,21.46174553,21.34011824,20.71354192,20.79903111,20.27530794,19.68685705,19.29432868,23.35906357
141,Lesotho,LSO,"Birth rate, crude (per 1,000 people)",SP.DYN.CBRT.IN,34.391999999999996,33.815,33.105,32.183,31.4,31.098000000000003,30.971999999999998,30.755,29.980999999999998,29.351,28.987,29.185,29.500999999999998,29.611,28.986,28.778000000000002,29.075,29.699,29.42,28.916,28.476999999999997,29.093000000000004,29.054000000000002,29.19,28.663,28.305,28.156999999999996,27.723000000000003,27.261999999999997,26.839000000000002,29.73243333
142,Late-demographic dividend,LTE,"Birth rate, crude (per 1,000 people)",SP.DYN.CBRT.IN,21.12183972,19.99734079,18.86362333,18.47388469,18.06189228,17.45340963,17.15503246,16.7253471,15.99843067,15.17806421,14.72236814,14.23157496,13.85459998,13.51732665,13.43180385,13.42933523,13.184165400000001,13.22170946,13.29082158,13.15877115,13.09945964,13.917171,14.71928779,13.71366599,14.19584876,13.01530819,13.82520082,13.1145828,11.92762884,11.50261951,14.93673715
143,Lithuania,LTU,"Birth rate, crude (per 1,000 people)",SP.DYN.CBRT.IN,15.4,15.1,14.7,12.9,11.6,11.4,10.8,10.6,10.4,10.3,9.8,9.0,8.6,8.8,8.8,8.9,9.1,9.3,9.9,10.2,9.9,10.0,10.2,10.1,10.4,10.8,10.7,10.1,10.0,9.8,10.58666667
144,Luxembourg,LUX,"Birth rate, crude (per 1,000 people)",SP.DYN.CBRT.IN,12.9,12.9,13.1,13.5,13.5,13.3,13.7,13.1,12.7,13.0,13.1,12.4,12.0,11.7,11.9,11.5,11.7,11.4,11.5,11.3,11.6,10.9,11.3,11.3,10.9,10.7,10.4,10.4,10.3,10.0,11.93333333
145,Latvia,LVA,"Birth rate, crude (per 1,000 people)",SP.DYN.CBRT.IN,14.2,13.1,12.1,10.4,9.6,8.7,8.1,7.7,7.6,8.1,8.6,8.4,8.7,9.2,9.1,9.8,10.3,10.9,11.2,10.3,9.4,9.1,9.8,10.2,10.9,11.1,11.2,10.7,10.0,9.8,9.943333333
146,"Macao SAR, China",MAC,"Birth rate, crude (per 1,000 people)",SP.DYN.CBRT.IN,20.078,18.81,17.765,16.409000000000002,15.299000000000001,14.017999999999999,12.719000000000001,11.466,10.299000000000001,9.277999999999999,8.363999999999999,7.575,7.119,6.96,6.957000000000001,7.223,7.581,8.027000000000001,8.383,8.876,9.561,10.475,11.319,11.552999999999999,11.883,11.634,11.423,10.877,10.620999999999999,10.295,11.0949
147,St. Martin (French part),MAF,"Birth rate, crude (per 1,000 people)",SP.DYN.CBRT.IN,33.522,31.883000000000003,30.381999999999998,29.024,27.948,26.976999999999997,26.3,25.791999999999998,25.358,25.035,24.587,23.932,23.284000000000002,22.709,22.094,21.476,20.9,20.308,19.77,19.146,18.63,18.562,20.904,19.986,19.087,18.462,17.927,17.423,17.022000000000002,16.483,22.83043333
148,Morocco,MAR,"Birth rate, crude (per 1,000 people)",SP.DYN.CBRT.IN,29.226999999999997,29.092,28.366999999999997,27.209,26.39,25.655,25.115,24.649,24.041,23.176,22.74,22.249000000000002,21.984,21.749000000000002,21.541999999999998,21.398000000000003,21.346999999999998,21.271,21.23,21.410999999999998,21.401999999999997,21.506999999999998,21.304000000000002,21.141,20.616999999999997,20.307000000000002,19.483,19.298,18.813,18.337,22.73503333
149,Monaco,MCO,"Birth rate, crude (per 1,000 people)",SP.DYN.CBRT.IN,,,,,,,,,,,,,,,25.0,,,,,,,,,,,8.1,7.8,,5.9,,11.7
150,Moldova,MDA,"Birth rate, crude (per 1,000 people)",SP.DYN.CBRT.IN,17.496,16.480999999999998,15.985999999999999,15.214,14.459000000000001,13.41,12.743,13.123,12.46,11.934000000000001,11.654000000000002,11.508,11.422,11.902999999999999,12.558,12.607000000000001,12.838,13.207,13.777999999999999,14.342,14.265,13.864,13.745999999999999,13.59,14.802,14.899000000000001,14.761,13.805,13.443,12.894,13.63973333
151,Madagascar,MDG,"Birth rate, crude (per 1,000 people)",SP.DYN.CBRT.IN,44.467,44.397,44.318999999999996,44.32899999999999,44.292,44.184,43.769,43.181000000000004,42.305,41.475,40.417,39.813,39.09,38.666,38.275,38.015,37.757,37.44,37.05,36.743,36.041,35.063,34.271,33.699,33.079,32.765,32.759,32.477,32.088,31.701,38.46423333
152,Maldives,MDV,"Birth rate, crude (per 1,000 people)",SP.DYN.CBRT.IN,41.294,39.144,36.998000000000005,34.903,32.731,30.575,28.24,25.971,24.013,22.103,20.539,19.464000000000002,18.952,18.791,18.861,18.989,19.584,20.554000000000002,21.371,21.644000000000002,21.165,20.526999999999997,19.865,18.895,18.044,17.465,16.794,16.125999999999998,15.530999999999999,15.001,23.1378
153,Middle East & North Africa,MEA,"Birth rate, crude (per 1,000 people)",SP.DYN.CBRT.IN,33.40466388,32.47021719,31.52979173,30.37973966,29.08782878,27.85508902,26.76600766,26.04078778,25.5488134,25.14370366,24.831398899999996,24.58013411,24.29433249,24.19245226,24.07044632,24.00779594,24.04833036,24.20832772,24.261039899999997,24.29684533,24.53470568,24.68237448,24.8259978,24.78552173,24.5380662,24.01580035,23.04555838,22.55549461,21.88791474,21.05856623,25.56492488
154,Mexico,MEX,"Birth rate, crude (per 1,000 people)",SP.DYN.CBRT.IN,29.296999999999997,28.943,28.589000000000002,28.144000000000002,27.54,26.87,26.225,25.511,24.925,24.618000000000002,24.158,23.717,23.256,22.802,22.351,21.9,21.459,21.081999999999997,20.749000000000002,20.442,20.152,19.917,19.635,19.326,18.711,17.968,17.42,16.947,16.465,15.71,22.4943
155,Marshall Islands,MHL,"Birth rate, crude (per 1,000 people)",SP.DYN.CBRT.IN,,,,,,,26.1,,,41.8,,,,,,35.0,35.0,35.0,,,,31.0,,,,,,,,,33.98333333
156,Middle income,MIC,"Birth rate, crude (per 1,000 people)",SP.DYN.CBRT.IN,27.65053481,26.88462803,26.07795749,25.58839241,25.14468552,24.60027687,24.18254895,23.74451907,23.19708858,22.63283245,22.29690244,21.98634685,21.60366572,21.22672569,21.00123968,20.77716735,20.48663468,20.40180762,20.31424094,20.13303412,19.95371696,20.15303941,20.32726582,19.74143033,19.63565856,18.96019019,19.07332795,18.50519401,17.85596056,17.4138376,21.71836169
157,North Macedonia,MKD,"Birth rate, crude (per 1,000 people)",SP.DYN.CBRT.IN,16.791,16.38,15.307,14.975999999999999,15.822000000000001,15.075999999999999,14.305,14.8,14.6,13.5,14.5,13.3,13.7,13.3,11.5,11.0,11.1,11.1,11.2,11.5,11.8,11.1,11.4,11.2,11.4,11.1,11.09872665,10.5,10.3,9.6,12.77519089
158,Mali,MLI,"Birth rate, crude (per 1,000 people)",SP.DYN.CBRT.IN,46.651,46.973,46.702,46.423,46.379,45.68600000000001,45.667,45.928999999999995,46.23,46.958999999999996,47.111999999999995,47.331,47.49100000000001,47.61,47.895,47.996,47.614,47.281000000000006,46.983000000000004,46.813,46.588,46.233999999999995,45.918,45.271,44.794,44.342,43.818000000000005,43.378,42.901,42.376000000000005,46.1115
159,Malta,MLT,"Birth rate, crude (per 1,000 people)",SP.DYN.CBRT.IN,15.2,14.6,14.9,13.9,12.9,12.2,13.3,12.7,12.1,11.4,11.3,10.1,9.9,10.2,9.7,9.6,9.3,9.3,9.8,9.8,9.4,10.0,9.8,9.5,9.6,9.7,9.8,9.2,9.2,8.6,10.9
160,Myanmar,MMR,"Birth rate, crude (per 1,000 people)",SP.DYN.CBRT.IN,27.478,27.038,26.56,26.108,25.534000000000002,24.984,24.583000000000002,24.075,23.603,23.198,22.941999999999997,22.978,23.011999999999997,22.421,21.784000000000002,21.25,20.837,20.592,20.151,19.813,19.409000000000002,19.104,18.762,18.573,18.404,18.402,18.33,18.129,17.869,17.663,21.7862
161,Middle East & North Africa (excluding high income),MNA,"Birth rate, crude (per 1,000 people)",SP.DYN.CBRT.IN,33.74065837,32.81215307,31.87102178,30.6821038,29.29583473,27.99294972,26.81700247,26.06314558,25.55588946,25.15885803,24.84463825,24.64623313,24.40670795,24.37095683,24.33236594,24.36134474,24.44548564,24.66739693,24.80782878,24.92552828,25.24564782,25.46676804,25.69245172,25.72520165,25.51190276,24.99811448,23.96565717,23.42687108,22.70318222,21.79796351,26.01106213
162,Montenegro,MNE,"Birth rate, crude (per 1,000 people)",SP.DYN.CBRT.IN,15.402000000000001,15.610999999999999,15.505999999999998,15.165999999999999,15.001,15.4,15.0,14.4,15.1,14.6,15.2,14.6,13.9,13.6,12.8,12.0,12.3,12.7,13.4,14.0,12.0,11.6,12.0,12.0,12.1,11.9,12.2,11.9,11.7,11.6,13.48953333
163,Mongolia,MNG,"Birth rate, crude (per 1,000 people)",SP.DYN.CBRT.IN,33.841,31.901,29.281,26.833000000000002,25.329,24.215999999999998,22.991999999999997,21.846999999999998,21.096999999999998,20.769000000000002,20.419,19.935,19.378,18.675,18.477,18.673,19.840999999999998,21.351999999999997,22.753,23.613000000000003,23.349,24.13,25.296999999999997,26.333000000000002,26.677,26.351999999999997,25.365,24.221999999999998,23.836,23.291999999999998,23.66916667
164,Northern Mariana Islands,MNP,"Birth rate, crude (per 1,000 people)",SP.DYN.CBRT.IN,,,,,,,,,,,,,,,,,,,,,,,,,20.5,,,,,13.2,16.85
165,Mozambique,MOZ,"Birth rate, crude (per 1,000 people)",SP.DYN.CBRT.IN,46.385,45.967,45.563,45.306000000000004,44.943999999999996,44.54600000000001,44.305,44.441,44.198,43.994,43.733999999999995,43.395,43.037,42.898999999999994,42.315,41.867,41.422,41.105,41.61,41.92100000000001,42.013000000000005,41.605,41.07899999999999,40.548,39.254,38.797,38.437,38.126999999999995,37.753,37.345,42.26373333
166,Mauritania,MRT,"Birth rate, crude (per 1,000 people)",SP.DYN.CBRT.IN,40.607,40.62,40.643,41.452,40.936,40.733000000000004,39.643,39.005,38.44,38.236,37.792,37.501999999999995,36.996,36.715,36.775999999999996,36.923,37.1,37.064,37.247,36.946999999999996,36.772,36.711999999999996,36.398,35.834,35.527,35.18,34.832,34.425,34.183,33.723,37.49876667
167,Mauritius,MUS,"Birth rate, crude (per 1,000 people)",SP.DYN.CBRT.IN,21.3,20.7,21.1,20.3,19.6,18.3,18.3,17.4,16.7,17.3,17.0,16.5,16.6,15.9,15.7,15.3,14.3,13.7,13.2,12.3,12.0,11.7,11.5,10.9,10.6,10.1,10.4,10.7,10.2,10.2,14.99333333
168,Malawi,MWI,"Birth rate, crude (per 1,000 people)",SP.DYN.CBRT.IN,47.778,47.483000000000004,47.232,46.908,46.622,46.324,46.003,46.062,46.188,45.986999999999995,45.36600000000001,45.192,45.083999999999996,45.066,44.961000000000006,44.893,44.373000000000005,43.608999999999995,42.685,41.81100000000001,40.825,39.89,38.794000000000004,37.85,36.791,35.766999999999996,34.824,34.343,33.925,33.598,42.54113333
169,Malaysia,MYS,"Birth rate, crude (per 1,000 people)",SP.DYN.CBRT.IN,27.894000000000002,27.941999999999997,27.926,27.730999999999998,27.482,27.057,26.583000000000002,25.87,24.935,24.118000000000002,23.046999999999997,21.523000000000003,20.090999999999998,19.339000000000002,18.4,17.722,17.308,17.077,17.36,17.348,17.002,17.261,17.209,17.225,17.313,17.101,16.685,16.355,15.978,15.58,20.8154
170,North America,NAC,"Birth rate, crude (per 1,000 people)",SP.DYN.CBRT.IN,16.52983405,16.02028237,15.63067286,15.21084774,14.83116648,14.43124209,14.20188043,13.95289483,14.01422425,13.89543823,14.03697913,13.775943,13.65581811,13.75566865,13.66549884,13.66541092,13.96509696,13.99473693,13.74357082,13.28250635,12.81166293,12.53088272,12.44028612,12.23982072,12.3291778,12.22920215,12.03865535,11.64796254,11.44666598,11.24533574,13.57397884
171,Namibia,NAM,"Birth rate, crude (per 1,000 people)",SP.DYN.CBRT.IN,40.556,40.071,39.058,37.827,36.33,34.61,33.069,32.621,32.567,32.272,31.405,30.386999999999997,29.68,29.18,29.011999999999997,29.009,29.005,29.291999999999998,29.73,30.114,30.423000000000002,30.776,31.054000000000002,30.879,30.715999999999998,30.394000000000002,30.051,29.503,29.008000000000003,28.433000000000003,31.90106667
172,New Caledonia,NCL,"Birth rate, crude (per 1,000 people)",SP.DYN.CBRT.IN,25.6,25.7,24.5,23.5,22.5,21.9,22.3,22.3,21.2,20.6,21.4,19.9,18.9,18.2,17.4,17.4,17.9,17.1,16.5,16.7,16.7,16.2,16.9,16.6,16.3,15.4,15.4,14.5,15.152000000000001,14.857999999999999,18.98366667
173,Niger,NER,"Birth rate, crude (per 1,000 people)",SP.DYN.CBRT.IN,55.165,54.816,54.492,54.254,53.953,54.068000000000005,53.93,53.659,53.398999999999994,52.957,52.659,52.218999999999994,51.841,51.456,51.058,50.63,50.096000000000004,49.693999999999996,49.297,48.882,48.51,47.99,47.398,47.123000000000005,46.751999999999995,46.558,46.52,46.351000000000006,46.126999999999995,45.858999999999995,50.59043333
174,Nigeria,NGA,"Birth rate, crude (per 1,000 people)",SP.DYN.CBRT.IN,43.791000000000004,43.67100000000001,43.655,43.745,43.809,43.744,43.515,43.153999999999996,42.87,43.248999999999995,43.5,43.563,43.563,43.408,43.151,43.075,42.88399999999999,42.721000000000004,42.681000000000004,42.419,42.093999999999994,41.798,41.24100000000001,40.603,40.069,39.51,39.128,38.689,38.248000000000005,37.849000000000004,42.1799
175,Nicaragua,NIC,"Birth rate, crude (per 1,000 people)",SP.DYN.CBRT.IN,36.317,35.509,34.593,33.696999999999996,32.665,31.708000000000002,30.823,29.851,29.046999999999997,28.298000000000002,27.61,27.002,26.473000000000003,26.005,25.576,25.204,24.945,24.715999999999998,24.502,24.307,24.105,23.881,23.647,23.385,23.103,22.796999999999997,22.459,22.09,21.704,21.305,26.9108
176,Netherlands,NLD,"Birth rate, crude (per 1,000 people)",SP.DYN.CBRT.IN,13.2,13.2,13.0,12.8,12.7,12.3,12.2,12.3,12.7,12.7,13.0,12.6,12.5,12.3,11.9,11.5,11.3,11.1,11.2,11.2,11.1,10.8,10.5,10.2,10.4,10.1,10.1,9.9,9.8,9.8,11.61333333
177,Norway,NOR,"Birth rate, crude (per 1,000 people)",SP.DYN.CBRT.IN,14.4,14.3,14.0,13.8,13.9,13.8,13.9,13.6,13.2,13.3,13.2,12.6,12.2,12.4,12.4,12.3,12.6,12.4,12.7,12.8,12.6,12.2,12.0,11.6,11.5,11.3,11.3,10.7,10.4,10.2,12.58666667
178,Nepal,NPL,"Birth rate, crude (per 1,000 people)",SP.DYN.CBRT.IN,38.114000000000004,37.608000000000004,37.147,37.147,36.44,35.641999999999996,34.457,33.163000000000004,32.323,31.391,30.614,29.522,28.487,27.879,27.070999999999998,26.033,24.982,24.194000000000003,23.552,23.0,22.589000000000002,22.372,22.335,22.247,22.22,22.05,21.764,21.375999999999998,21.026,20.868000000000002,27.92043333
179,Nauru,NRU,"Birth rate, crude (per 1,000 people)",SP.DYN.CBRT.IN,,,,,,,,,,,,,,,,,,,,,,,,,,,,,,,#DIV/0!
180,New Zealand,NZL,"Birth rate, crude (per 1,000 people)",SP.DYN.CBRT.IN,17.5,17.4,17.28,16.53,15.95,15.77,15.34,15.23,14.51,14.87,14.66,14.36,13.67,13.94,14.2,13.96,14.14,15.15,15.1,14.53,14.68,14.0,13.87,13.2,12.67,13.23,12.6,12.38,11.84,11.96,14.484
181,OECD members,OED,"Birth rate, crude (per 1,000 people)",SP.DYN.CBRT.IN,15.86634408,15.62696167,15.36928749,15.04600877,14.79299299,14.431640300000002,14.30177536,14.09662997,13.95550144,13.77102783,13.77438825,13.49467574,13.24308699,13.18414964,13.07258659,12.95578559,13.08079164,13.12227541,13.082205,12.80901387,12.6643839,12.44683336,12.35794271,12.1144823,12.10179677,11.95691527,11.81758198,11.51306577,11.22983036,10.90927785,13.27297463
182,Oman,OMN,"Birth rate, crude (per 1,000 people)",SP.DYN.CBRT.IN,36.588,34.59,32.604,30.861,29.266,28.156999999999996,27.49,26.836,26.289,25.776999999999997,24.787,24.033,23.29,22.726,22.221,21.383000000000003,20.712,20.539,21.135,22.278000000000002,23.421,22.627,21.943,21.561,21.342,21.316,20.803,20.282,19.816,19.298,24.4657
183,Other small states,OSS,"Birth rate, crude (per 1,000 people)",SP.DYN.CBRT.IN,32.72297195,32.13969838,31.84038181,31.16956567,30.53607268,29.77897707,29.27748053,28.78756496,28.47335287,28.23457899,28.01021091,27.69284227,27.50523896,27.30331416,27.12269023,26.92428041,26.68423316,26.46066262,26.17362263,25.84718637,25.54736321,25.45511271,25.23632063,24.89066777,24.45911768,23.96559446,23.53139433,23.03581369,22.63373296,22.25952345,27.12331892
184,Pakistan,PAK,"Birth rate, crude (per 1,000 people)",SP.DYN.CBRT.IN,43.147,42.531000000000006,41.82899999999999,40.756,40.097,39.211,38.516,37.683,37.079,36.475,35.760999999999996,35.342,34.868,34.132,33.513000000000005,32.867,32.402,32.589,32.361,32.193000000000005,32.109,31.872,31.601,31.180999999999997,30.462,29.699,29.305999999999997,28.963,28.594,28.276,34.51383333
185,Panama,PAN,"Birth rate, crude (per 1,000 people)",SP.DYN.CBRT.IN,27.031,26.23,25.849,25.491999999999997,25.171999999999997,24.898000000000003,24.649,24.392,24.136,23.855999999999998,23.538,23.259,22.951,22.688000000000002,22.69,22.333000000000002,21.968000000000004,21.791999999999998,21.659000000000002,21.399,21.165,21.213,21.129,20.759,20.461,20.111,19.701,19.317,18.814,18.227999999999998,22.56266667
186,Peru,PER,"Birth rate, crude (per 1,000 people)",SP.DYN.CBRT.IN,30.9,30.151999999999997,29.287,28.49,27.691999999999997,26.908,26.164,25.455,24.789,24.201999999999998,23.719,22.908,22.480999999999998,22.209,22.278000000000002,22.334,22.274,22.026,21.655,21.416999999999998,21.066,20.75,20.225,19.71,19.248,18.808,18.5,18.269000000000002,18.092,18.042,23.00166667
187,Philippines,PHL,"Birth rate, crude (per 1,000 people)",SP.DYN.CBRT.IN,33.265,33.177,32.734,32.108000000000004,31.551,31.288,30.682,30.166,29.776,29.318,28.769000000000002,28.84,28.398000000000003,27.986,27.465999999999998,27.019000000000002,26.924,26.607,26.357,26.148000000000003,25.511,24.416,24.456999999999997,24.285999999999998,23.826999999999998,23.252,22.836,22.664,22.445,22.254,27.48423333
188,Palau,PLW,"Birth rate, crude (per 1,000 people)",SP.DYN.CBRT.IN,21.6,22.3,23.6,21.7,22.3,23.2,20.2,18.3,15.1,13.2,14.5,15.3,13.0,15.4,12.6,14.0,12.0,13.8,14.5,13.3,11.9,11.8,15.3,13.0,13.7,13.7,12.0,12.4,14.0,11.2,15.63
189,Papua New Guinea,PNG,"Birth rate, crude (per 1,000 people)",SP.DYN.CBRT.IN,36.718,36.275,35.966,35.779,35.433,35.04,34.881,34.736999999999995,34.586,34.443000000000005,34.152,33.91,33.673,33.385999999999996,32.9,32.507,32.066,31.605999999999998,31.235,30.771,30.445,30.028000000000002,29.555,29.122,28.686999999999998,28.178,27.703000000000003,27.215999999999998,26.834,26.37,32.14006667
190,Poland,POL,"Birth rate, crude (per 1,000 people)",SP.DYN.CBRT.IN,14.4,14.3,13.4,12.9,12.5,11.2,11.1,10.7,10.2,9.9,9.9,9.6,9.3,9.2,9.3,9.5,9.8,10.2,10.9,10.9,10.9,10.2,10.1,9.7,9.9,9.7,10.1,10.6,10.2,9.9,10.68333333
191,Pre-demographic dividend,PRE,"Birth rate, crude (per 1,000 people)",SP.DYN.CBRT.IN,45.56007742,45.3693265,45.1872442,45.02883104,44.77325063,44.74794222,44.49657303,44.15633664,43.85520369,43.79151368,43.62463923,43.42399939,43.17603715,42.91511433,42.64502757,42.41753539,42.22840389,41.97424062,41.69253708,41.44049953,41.11128923,40.70769951,40.18013969,39.65467711,39.14549465,38.63409914,38.13540812,37.657038299999996,37.19046909,36.76466162,42.05617699
192,Puerto Rico,PRI,"Birth rate, crude (per 1,000 people)",SP.DYN.CBRT.IN,18.5,18.1,17.8,17.9,17.5,17.0,16.9,16.2,15.7,15.6,15.59,14.59,13.7,13.1,13.16,12.96,12.41,11.86,11.79,11.72,11.3,11.1,10.6,10.1,9.7,9.0,8.3,7.3,6.7,6.4,13.086
193,"Korea, Dem. People's Rep.",PRK,"Birth rate, crude (per 1,000 people)",SP.DYN.CBRT.IN,20.515,20.833000000000002,20.834,20.804000000000002,20.660999999999998,20.475,20.004,19.188,18.718,18.137999999999998,17.44,16.964000000000002,16.067,15.283,15.050999999999998,14.534,14.207,13.970999999999998,13.982999999999999,13.722999999999999,12.706,12.728,12.957,13.192,13.45,13.536,13.525,13.514000000000001,13.488,13.487,16.13253333
194,Portugal,PRT,"Birth rate, crude (per 1,000 people)",SP.DYN.CBRT.IN,11.7,11.7,11.5,11.4,10.9,10.7,11.0,11.2,11.2,11.4,11.7,10.9,11.0,10.8,10.4,10.4,10.0,9.7,9.9,9.4,9.6,9.2,8.5,7.9,7.9,8.3,8.4,8.4,8.5,8.4,10.06666667
195,Paraguay,PRY,"Birth rate, crude (per 1,000 people)",SP.DYN.CBRT.IN,34.264,33.691,33.032,32.364000000000004,31.713,31.002,30.272,29.524,28.734,27.947,27.171,26.342,25.590999999999998,24.932,24.443,24.046999999999997,23.741999999999997,23.45,23.191,22.921,22.605999999999998,22.324,22.069000000000003,22.249000000000002,22.401999999999997,22.428,22.263,21.962,21.664,21.281,25.98736667
196,West Bank and Gaza,PSE,"Birth rate, crude (per 1,000 people)",SP.DYN.CBRT.IN,45.22,44.86,44.5,44.14,43.78,43.42,43.06,42.7,42.1,41.4,40.9,40.2,39.6,38.8,38.1,37.3,36.7,35.855,33.45,33.406,33.727,33.382,32.894,32.521,32.477,32.726,31.921,30.973000000000003,30.125999999999998,29.465999999999998,37.6568
197,Pacific island small states,PSS,"Birth rate, crude (per 1,000 people)",SP.DYN.CBRT.IN,32.56622633,32.19451502,31.84445844,31.45642455,31.08778088,30.85340223,30.43916408,30.04494637,29.62403778,29.62643241,29.00893222,28.79637382,28.54475878,28.40484343,28.19447548,28.16119644,28.2393396,28.15597985,27.939867,27.80527821,27.68135336,27.61955009,27.47307649,27.35884286,27.21093317,26.88999143,26.50145359,26.0589921,25.712545000000002,25.41678016,28.69706504
198,Post-demographic dividend,PST,"Birth rate, crude (per 1,000 people)",SP.DYN.CBRT.IN,13.44121036,13.15990797,12.92333637,12.55994446,12.30127788,11.98564219,11.86674237,11.72559688,11.64063034,11.48977735,11.59743073,11.2972061,11.19645842,11.25252771,11.20464779,11.12782709,11.36270632,11.49562849,11.5316855,11.28088879,11.14948953,10.96573773,10.91552264,10.62013221,10.63871571,10.55162483,10.428366,10.07525158,9.836575907,9.57940224,11.37339638
199,French Polynesia,PYF,"Birth rate, crude (per 1,000 people)",SP.DYN.CBRT.IN,28.663,27.156999999999996,26.139,25.458000000000002,24.125,22.624000000000002,21.930999999999997,20.765,19.865,20.543000000000003,20.628,20.041,19.322,18.09,17.574,17.492,17.738,17.077,17.605999999999998,17.237000000000002,17.38,16.605,16.230999999999998,15.575999999999999,15.58,15.037,14.508,14.015,13.777000000000001,13.088,19.0624
200,Qatar,QAT,"Birth rate, crude (per 1,000 people)",SP.DYN.CBRT.IN,24.502,22.801,22.163,21.818,21.245,20.691999999999997,20.026,19.413,19.104,19.064,19.18,19.207,18.557000000000002,17.828,16.861,16.005,14.395999999999999,12.751,11.503,10.63,10.802999999999999,11.366,11.235,11.237,10.845,10.328,10.087,10.228,10.597999999999999,10.743,15.84053333
201,Romania,ROU,"Birth rate, crude (per 1,000 people)",SP.DYN.CBRT.IN,13.6,12.0,11.4,11.0,10.9,10.4,10.2,10.5,10.5,10.4,10.4,10.0,9.7,9.8,10.1,10.4,10.4,10.3,10.8,10.9,10.5,9.7,10.0,9.4,10.0,10.2,10.4,10.8,10.4,10.3,10.51333333
202,Russian Federation,RUS,"Birth rate, crude (per 1,000 people)",SP.DYN.CBRT.IN,13.4,12.1,10.7,9.4,9.5,9.3,8.9,8.6,8.8,8.3,8.7,9.0,9.7,10.2,10.4,10.2,10.3,11.3,12.0,12.3,12.5,12.6,13.3,13.2,13.3,13.3,12.9,11.5,10.9,10.1,10.89
203,Rwanda,RWA,"Birth rate, crude (per 1,000 people)",SP.DYN.CBRT.IN,44.25,43.037,42.442,42.053999999999995,41.452,41.012,41.05,41.058,41.208,41.103,40.923,40.765,40.388000000000005,40.146,39.889,39.461999999999996,38.825,38.005,36.979,35.936,34.836,33.658,32.818000000000005,32.407,32.085,31.833000000000002,31.659000000000002,31.399,31.158,30.776,37.75376667
204,South Asia,SAS,"Birth rate, crude (per 1,000 people)",SP.DYN.CBRT.IN,33.38329167,32.88143922,32.33556073,31.69503224,31.28448206,30.74624268,30.17823512,29.70625522,29.22081384,28.71325553,28.40003045,28.09312289,27.49952907,26.82547155,26.18485472,25.40021497,24.7216117,24.28006013,23.80432634,23.44509504,22.97859647,22.50877924,22.05939378,21.62489987,20.83941676,20.49647673,20.22754763,19.67818062,19.43037456,18.93268097,25.91917573
205,Saudi Arabia,SAU,"Birth rate, crude (per 1,000 people)",SP.DYN.CBRT.IN,34.413000000000004,33.423,32.423,31.546999999999997,30.761999999999997,30.016,29.392,28.901,28.455,28.021,27.656,26.851999999999997,25.896,24.794,23.8,23.058000000000003,23.114,23.241999999999997,22.749000000000002,22.307,21.894000000000002,21.634,21.245,20.754,20.160999999999998,19.524,18.972,18.903,18.703,18.451,25.0354
206,Sudan,SDN,"Birth rate, crude (per 1,000 people)",SP.DYN.CBRT.IN,43.092,42.673,42.218999999999994,41.658,40.953,40.284,39.714,39.062,38.608000000000004,38.409,38.097,37.9,37.42,36.928000000000004,36.338,35.929,36.495,37.121,37.497,37.556999999999995,37.497,36.91,36.316,36.327,36.349000000000004,36.413000000000004,36.038000000000004,35.669000000000004,35.236,34.823,37.9844
207,Senegal,SEN,"Birth rate, crude (per 1,000 people)",SP.DYN.CBRT.IN,41.968999999999994,41.303000000000004,40.829,40.474000000000004,39.848,39.576,39.306999999999995,39.255,39.188,39.434,39.169000000000004,38.895,38.671,38.611,38.354,38.418,38.657,38.164,37.885999999999996,38.1,37.74,37.501999999999995,37.207,36.817,36.321999999999996,35.357,34.673,34.224000000000004,33.955,33.47,38.1125
208,Singapore,SGP,"Birth rate, crude (per 1,000 people)",SP.DYN.CBRT.IN,18.2,17.1,16.8,16.8,16.2,15.6,15.2,14.5,13.1,12.8,13.7,11.8,11.4,10.5,10.3,10.2,10.3,10.3,10.2,9.9,9.3,9.5,10.1,9.3,9.8,9.7,9.4,8.9,8.8,8.8,11.95
209,Solomon Islands,SLB,"Birth rate, crude (per 1,000 people)",SP.DYN.CBRT.IN,38.064,37.73,37.455,37.361999999999995,37.316,37.225,36.753,36.194,35.926,35.629,35.271,34.989000000000004,34.661,34.397,34.117,33.884,34.007,33.828,33.663000000000004,33.562,33.641,33.633,33.619,33.585,33.477,32.928000000000004,32.379,31.743000000000002,31.219,30.761999999999997,34.63396667
210,Sierra Leone,SLE,"Birth rate, crude (per 1,000 people)",SP.DYN.CBRT.IN,45.812,45.828,45.923,46.028999999999996,45.971000000000004,45.683,45.756,45.511,45.386,45.185,44.99100000000001,44.706,44.345,43.486000000000004,42.271,41.71,41.428999999999995,40.796,40.324,39.658,38.887,38.282,37.569,36.473,35.533,34.558,34.010999999999996,33.568000000000005,33.099000000000004,32.549,41.17763333
211,El Salvador,SLV,"Birth rate, crude (per 1,000 people)",SP.DYN.CBRT.IN,33.433,32.787,32.222,31.564,31.219,30.683000000000003,30.127,29.413,29.31,28.499000000000002,27.465,25.995,24.484,23.256999999999998,22.085,21.261,20.689,20.182000000000002,19.812,19.584,19.428,19.372,19.151,18.969,18.809,18.406,17.566,16.974,16.535999999999998,16.416,23.8566
212,San Marino,SMR,"Birth rate, crude (per 1,000 people)",SP.DYN.CBRT.IN,,,,,,,,,,,,,,,10.4,9.5,10.0,9.4,11.0,10.7,10.3,10.0,8.7,9.7,9.1,8.2,7.9,6.7,6.8,6.7,9.06875
213,Somalia,SOM,"Birth rate, crude (per 1,000 people)",SP.DYN.CBRT.IN,49.008,49.4,50.214,50.438,50.262,50.145,50.1,50.345,50.193999999999996,50.067,49.901,49.72,49.688,49.446000000000005,49.232,48.972,48.739,48.466,48.242,47.946000000000005,47.696000000000005,47.53,47.282,46.995,46.747,46.474,46.156000000000006,45.457,44.992,44.56399999999999,48.4806
214,Serbia,SRB,"Birth rate, crude (per 1,000 people)",SP.DYN.CBRT.IN,,11.9,,,,11.3,10.8,10.49,10.09,9.6,9.8,10.5,10.4,10.6,10.5,9.7,9.58,9.22,9.4,9.6,9.4,9.1,9.3,9.2,9.3,9.3,9.2,9.2,9.2,9.3,9.845384615
215,Sub-Saharan Africa (excluding high income),SSA,"Birth rate, crude (per 1,000 people)",SP.DYN.CBRT.IN,44.41185165,44.09758632,43.73149134,43.44948632,43.09975695,42.98661384,42.68079395,42.23540807,41.89282921,41.81243283,41.60402858,41.44365584,41.20965425,40.96077393,40.75957926,40.62736287,40.43465899,40.19298162,40.02863149,39.63777644,39.2707713,38.86805847,38.34028272,37.83125779,37.37073405,36.9302939,36.48883918,36.10558633,35.76186731,35.43128672,40.32321105
216,South Sudan,SSD,"Birth rate, crude (per 1,000 people)",SP.DYN.CBRT.IN,55.467,55.269,55.056000000000004,54.766999999999996,54.453,54.045,53.897,53.423,52.842,52.306000000000004,51.431999999999995,50.593999999999994,49.483999999999995,47.464,45.496,43.519,41.565,40.798,40.691,40.508,40.18,40.255,39.872,39.27,38.48,36.325,35.15,32.650999999999996,30.147,29.058000000000003,45.1488
217,Sub-Saharan Africa,SSF,"Birth rate, crude (per 1,000 people)",SP.DYN.CBRT.IN,44.40898437,44.09494543,43.72874712,43.44689676,43.09714601,42.98380441,42.67806894,42.23252784,41.88986038,41.80952914,41.60124803,41.44085819,41.20687296,40.95817008,40.75699861,40.62497241,40.43217559,40.19060989,40.02631007,39.63557964,39.26847849,38.86609862,38.33840704,37.82933362,37.36883794,36.92844809,36.48709497,36.10388317,35.7602143,35.42963015,40.32082441
218,Small states,SST,"Birth rate, crude (per 1,000 people)",SP.DYN.CBRT.IN,30.89896875,30.46021726,30.190701,29.63537013,29.02501152,28.36628241,27.74186446,27.31462747,26.95827449,26.66175521,26.25796245,25.94734233,25.71938254,25.55787744,25.39482825,25.21248737,25.00467805,24.75814165,24.53935547,24.26508303,23.91444443,23.85797634,23.66218231,23.33796538,22.94416478,22.58583254,22.174188100000002,21.68675668,21.32983101,20.98384398,25.54624656
219,Sao Tome and Principe,STP,"Birth rate, crude (per 1,000 people)",SP.DYN.CBRT.IN,40.119,39.943000000000005,39.669000000000004,39.409,39.125,38.876,38.716,38.592,38.760999999999996,39.035,39.438,39.941,39.85,39.633,39.396,39.075,38.672,38.241,37.81,37.336,36.873000000000005,36.628,36.148,35.159,34.032,32.754,31.601999999999997,30.41,29.535,28.916999999999998,37.12316667
220,Suriname,SUR,"Birth rate, crude (per 1,000 people)",SP.DYN.CBRT.IN,30.578000000000003,30.155,29.541,28.934,28.22,27.480999999999998,26.669,25.908,25.199,24.622,24.198,23.862,23.49,23.08,22.676,22.271,21.883000000000003,21.476,21.076,20.704,20.361,20.06,19.792,19.547,19.334,19.127,18.912,18.758,18.577,18.409000000000002,23.16333333
221,Slovak Republic,SVK,"Birth rate, crude (per 1,000 people)",SP.DYN.CBRT.IN,15.1,14.8,14.1,13.8,12.4,11.5,11.2,11.0,10.7,10.4,10.2,9.5,9.5,9.6,10.0,10.1,10.0,10.1,10.7,11.4,11.2,11.3,10.3,10.1,10.2,10.3,10.6,10.7,10.6,10.5,11.06333333
222,Slovenia,SVN,"Birth rate, crude (per 1,000 people)",SP.DYN.CBRT.IN,11.2,10.8,10.0,9.9,9.8,9.5,9.4,9.1,9.0,8.8,9.1,8.8,8.8,8.7,9.0,9.1,9.4,9.8,10.8,10.7,10.9,10.7,10.7,10.2,10.3,10.0,9.9,9.8,9.4,9.3,9.763333333
223,Sweden,SWE,"Birth rate, crude (per 1,000 people)",SP.DYN.CBRT.IN,14.5,14.4,14.2,13.5,12.8,11.7,10.8,10.2,10.1,10.0,10.2,10.3,10.7,11.1,11.2,11.2,11.7,11.7,11.9,12.0,12.3,11.8,11.9,11.8,11.9,11.7,11.8,11.5,11.4,11.1,11.71333333
224,Eswatini,SWZ,"Birth rate, crude (per 1,000 people)",SP.DYN.CBRT.IN,40.23,39.48,38.719,37.768,36.522,34.166,33.39,32.583,32.146,32.374,32.162,31.805999999999997,31.395,31.443,31.63,31.59,31.229,31.247,31.375999999999998,31.000999999999998,30.083000000000002,29.665,29.294,29.019000000000002,28.423000000000002,27.737,27.105,26.408,25.718000000000004,25.118000000000002,31.69423333
225,Sint Maarten (Dutch part),SXM,"Birth rate, crude (per 1,000 people)",SP.DYN.CBRT.IN,,,,,,,,,,,,,,,,12.8,13.7,11.7,13.0,12.5,13.1,12.9,12.0,14.0,14.1,,,9.0,,,12.61818182
226,Seychelles,SYC,"Birth rate, crude (per 1,000 people)",SP.DYN.CBRT.IN,23.1,24.2,22.6,23.4,22.9,21.0,21.1,19.1,17.9,18.2,18.6,17.7,17.7,18.1,17.4,18.5,17.3,17.6,17.8,18.1,16.8,18.6,18.6,17.4,17.0,17.0,17.4,17.2,17.1,16.4,18.86
227,Syrian Arab Republic,SYR,"Birth rate, crude (per 1,000 people)",SP.DYN.CBRT.IN,35.928000000000004,34.702,34.006,33.871,33.598,33.076,32.475,31.796,31.369,30.991999999999997,30.644000000000002,30.99,30.822,30.689,30.581,30.5,30.307,30.781999999999996,31.021,29.736,28.675,27.52,26.618000000000002,25.2,22.39,20.233,18.874000000000002,18.567999999999998,18.155,18.883,28.7667
228,Turks and Caicos Islands,TCA,"Birth rate, crude (per 1,000 people)",SP.DYN.CBRT.IN,29.309,29.03,28.704,28.273000000000003,27.822,27.250999999999998,26.604,25.976999999999997,25.351,24.572,23.646,22.768,21.693,20.404,19.194000000000003,18.087,17.089000000000002,16.146,15.285,14.411,13.702,13.488,13.258,13.042,12.808,12.815999999999999,13.216,13.308,13.13,12.849,19.77443333
229,Chad,TCD,"Birth rate, crude (per 1,000 people)",SP.DYN.CBRT.IN,52.361999999999995,52.075,53.269,53.521,52.058,52.08,52.957,52.38399999999999,52.22,51.727,51.324,51.08,50.306999999999995,49.949,50.29,50.317,49.923,49.711000000000006,49.233999999999995,48.922,48.763999999999996,48.357,48.019,47.46,46.998000000000005,46.367,45.456,44.81100000000001,44.37,44.229,49.6847
230,East Asia & Pacific (IDA & IBRD countries),TEA,"Birth rate, crude (per 1,000 people)",SP.DYN.CBRT.IN,22.826942199999998,21.76753728,20.59297338,20.31659955,19.87706281,19.29732626,19.05248422,18.62109287,17.77074846,16.89146487,16.35407952,15.83640064,15.39733808,14.99805925,14.84689855,14.87939957,14.63392124,14.654928400000001,14.64316912,14.45102271,14.34430966,15.26371233,16.12264787,14.965295499999998,15.4109857,14.03946407,15.00458123,14.26348292,12.96926864,12.59355978,16.42289189
231,Europe & Central Asia (IDA & IBRD countries),TEC,"Birth rate, crude (per 1,000 people)",SP.DYN.CBRT.IN,17.6121207,16.81685378,15.89839732,15.022178899999998,14.68888638,14.21581244,13.76394879,13.34166757,13.10338715,12.62509591,12.58923945,12.58542821,12.61347843,12.71065723,13.04638958,13.03877794,13.34158881,13.91065935,14.50171398,14.642343599999998,14.61517875,14.53367727,14.86859699,14.88168968,15.08416372,15.05219898,14.79813018,14.06771428,13.69973234,13.25776569,14.16424911
232,Togo,TGO,"Birth rate, crude (per 1,000 people)",SP.DYN.CBRT.IN,41.943000000000005,41.57,41.104,40.655,40.27,39.717,39.262,38.847,38.826,38.84,38.668,38.562,38.421,38.15,37.659,37.580999999999996,37.603,37.821999999999996,37.561,37.478,37.351,36.632,35.846,35.308,34.827,34.391999999999996,34.099000000000004,33.656,33.186,32.756,37.61973333
233,Thailand,THA,"Birth rate, crude (per 1,000 people)",SP.DYN.CBRT.IN,19.727999999999998,19.455,19.215,18.788,18.238,17.569000000000003,17.253,16.658,15.578,14.234000000000002,13.526,13.175999999999998,12.919,12.833,12.698,12.724,12.472000000000001,12.386,12.249,12.003,11.925999999999998,11.95,11.754000000000001,11.374,11.004000000000001,10.607000000000001,10.26,9.98,9.662,9.377,13.71986667
234,Tajikistan,TJK,"Birth rate, crude (per 1,000 people)",SP.DYN.CBRT.IN,41.93600000000001,40.783,39.291,38.123000000000005,37.79,36.766999999999996,34.88,33.672,33.381,32.306,31.771,30.99,30.166999999999998,29.135,28.833000000000002,28.48,28.548000000000002,28.909000000000002,29.587,30.432,31.045,31.274,31.169,31.34,31.432,31.228,30.213,28.932,28.688000000000002,28.267,32.3123
235,Turkmenistan,TKM,"Birth rate, crude (per 1,000 people)",SP.DYN.CBRT.IN,34.854,33.698,32.894,31.944000000000003,30.409000000000002,29.02,27.573,26.46,25.39,24.506999999999998,23.709,22.844,22.103,22.055,22.043000000000003,22.335,22.644000000000002,23.038,23.675,24.458000000000002,25.273000000000003,25.969,26.451999999999998,26.627,26.502,26.070999999999998,25.424,24.648000000000003,23.845,23.055,25.98396667
236,Latin America & the Caribbean (IDA & IBRD countries),TLA,"Birth rate, crude (per 1,000 people)",SP.DYN.CBRT.IN,27.46981691,26.95184354,26.38895856,25.96503814,25.47360469,24.98842917,24.4370172,23.91337524,23.43705594,22.9656208,22.45222136,21.92660435,21.38087778,20.83249342,20.50678074,20.17156178,19.77787661,19.40108805,19.05790064,18.81579895,18.56823426,18.35046447,18.02911151,17.73799749,17.50775539,17.22441408,16.72036824,16.47790155,16.15615358,15.66271253,20.95830257
237,Timor-Leste,TLS,"Birth rate, crude (per 1,000 people)",SP.DYN.CBRT.IN,42.195,41.756,41.571000000000005,41.196000000000005,40.913000000000004,40.638000000000005,40.247,39.891999999999996,39.611,39.408,39.095,39.117,38.954,38.298,37.598,36.475,35.355,34.191,33.173,32.315,31.39,30.666999999999998,29.822,29.144000000000002,28.429000000000002,27.7,27.018,26.487,25.921,25.511,35.13623333
238,Middle East & North Africa (IDA & IBRD countries),TMN,"Birth rate, crude (per 1,000 people)",SP.DYN.CBRT.IN,33.64056063,32.7052585,31.75668074,30.55738064,29.15829825,27.84293031,26.65510318,25.89313908,25.3858589,24.99094385,24.67766291,24.48351306,24.24654732,24.21765324,24.18515968,24.22214339,24.31278997,24.54544823,24.71281086,24.83157446,25.15106992,25.37791035,25.61108521,25.64808055,25.43260796,24.90985111,23.87439679,23.340040899999998,22.61705992,21.70827449,25.88972781
239,Tonga,TON,"Birth rate, crude (per 1,000 people)",SP.DYN.CBRT.IN,30.655,30.866999999999997,30.936,30.805999999999997,30.488000000000003,30.085,29.834,29.285,29.343000000000004,28.875,28.378,28.256999999999998,28.71,29.248,29.346999999999998,29.13,28.730999999999998,28.276999999999997,27.993000000000002,27.63,27.266,26.943,26.505,26.104,25.68,25.171,24.543000000000003,24.015,23.625,23.424,28.00503333
240,South Asia (IDA & IBRD),TSA,"Birth rate, crude (per 1,000 people)",SP.DYN.CBRT.IN,33.38329167,32.88143922,32.33556073,31.69503224,31.28448206,30.74624268,30.17823512,29.70625522,29.22081384,28.71325553,28.40003045,28.09312289,27.49952907,26.82547155,26.18485472,25.40021497,24.7216117,24.28006013,23.80432634,23.44509504,22.97859647,22.50877924,22.05939378,21.62489987,20.83941676,20.49647673,20.22754763,19.67818062,19.43037456,18.93268097,25.91917573
241,Sub-Saharan Africa (IDA & IBRD countries),TSS,"Birth rate, crude (per 1,000 people)",SP.DYN.CBRT.IN,44.40898437,44.09494543,43.72874712,43.44689676,43.09714601,42.98380441,42.67806894,42.23252784,41.88986038,41.80952914,41.60124803,41.44085819,41.20687296,40.95817008,40.75699861,40.62497241,40.43217559,40.19060989,40.02631007,39.63557964,39.26847849,38.86609862,38.33840704,37.82933362,37.36883794,36.92844809,36.48709497,36.10388317,35.7602143,35.42963015,40.32082441
242,Trinidad and Tobago,TTO,"Birth rate, crude (per 1,000 people)",SP.DYN.CBRT.IN,20.581999999999997,19.577,18.793,17.808,17.058,16.250999999999998,15.769,15.367,15.210999999999999,15.248,15.210999999999999,15.147,15.022,14.995999999999999,14.892000000000001,14.902999999999999,15.087,15.224,15.190999999999999,14.879000000000001,14.842,14.780999999999999,14.572000000000001,14.282,13.958,13.604000000000001,13.292,12.909,12.557,12.359000000000002,15.3124
243,Tunisia,TUN,"Birth rate, crude (per 1,000 people)",SP.DYN.CBRT.IN,26.426,25.552,24.63,23.625999999999998,22.553,21.3,20.146,19.125999999999998,18.179000000000002,17.305,17.002,16.686,16.531,16.68,16.754,16.883,16.916,17.085,17.328,17.667,18.211,18.934,19.184,19.33,19.303,19.119,18.78,18.399,17.737000000000002,17.215,19.1529
244,Turkiye,TUR,"Birth rate, crude (per 1,000 people)",SP.DYN.CBRT.IN,25.874000000000002,25.47,24.67,24.528000000000002,24.328000000000003,23.953000000000003,24.029,23.45,22.976999999999997,22.264,21.436,21.583000000000002,19.803,18.995,18.922,18.901,18.899,18.55,18.315,18.06,17.746,17.637999999999998,17.664,17.737000000000002,17.972,17.939,17.739,17.368,16.480999999999998,15.594000000000001,20.29616667
245,Tuvalu,TUV,"Birth rate, crude (per 1,000 people)",SP.DYN.CBRT.IN,32.952,32.478,32.008,31.524,30.656,29.785,29.035,28.24,27.469,26.624000000000002,25.783,25.1,24.478,23.822,23.276999999999997,23.043000000000003,23.372,22.58,22.305999999999997,22.186,22.32,22.511999999999997,22.741,22.296,22.265,22.359,22.659000000000002,22.999000000000002,23.508000000000003,23.619,25.46653333
246,Tanzania,TZA,"Birth rate, crude (per 1,000 people)",SP.DYN.CBRT.IN,43.782,43.476000000000006,43.083,42.755,42.476000000000006,42.453,42.504,42.537,42.388999999999996,42.223,42.131,42.12,41.871,41.838,41.96,42.068999999999996,41.747,41.143,40.668,40.183,39.729,39.076,38.329,38.721,38.893,38.741,38.379,38.058,37.525,37.113,40.9324
247,Uganda,UGA,"Birth rate, crude (per 1,000 people)",SP.DYN.CBRT.IN,51.372,51.174,51.281000000000006,51.152,50.898,50.856,50.206,49.91,49.335,49.081,48.593,48.251000000000005,47.773999999999994,47.115,46.68,45.989,45.363,44.688,43.934,43.544,43.068000000000005,42.434,41.743,40.943000000000005,40.154,39.422,38.709,38.343,38.062,37.667,45.59136667
248,Ukraine,UKR,"Birth rate, crude (per 1,000 people)",SP.DYN.CBRT.IN,12.6,12.1,11.4,10.7,10.0,9.6,9.2,8.7,8.4,7.8,7.8,7.7,8.1,8.5,9.0,9.0,9.8,10.2,11.0,11.1,10.8,11.0,11.4,11.1,10.8,10.7,10.3,9.4,8.7,8.1,9.833333333
249,Upper middle income,UMC,"Birth rate, crude (per 1,000 people)",SP.DYN.CBRT.IN,22.14579206,21.042566,19.95343698,19.619179100000004,19.25296952,18.70593401,18.43093641,17.99041296,17.29254215,16.50173894,15.99932484,15.51390598,15.07594729,14.73446506,14.65365381,14.66050854,14.42502974,14.42465885,14.48172753,14.32259822,14.26171363,15.04067176,15.76510663,14.80606307,15.22591272,14.06247365,14.75599777,14.0441155,12.89431686,12.44106561,16.08415884
250,Uruguay,URY,"Birth rate, crude (per 1,000 people)",SP.DYN.CBRT.IN,17.62,17.758,17.65,17.511,17.687,17.608,17.342,17.057000000000002,16.535,16.211,15.767999999999999,15.52,15.545,15.204,15.075,15.103,14.837,14.618,14.455,14.34,14.264000000000001,14.222999999999999,14.196,14.197000000000001,14.082,14.216,13.64,12.579,11.605,10.822000000000001,15.24226667
251,United States,USA,"Birth rate, crude (per 1,000 people)",SP.DYN.CBRT.IN,16.7,16.2,15.8,15.4,15.0,14.6,14.4,14.2,14.3,14.2,14.4,14.1,14.0,14.1,14.0,14.0,14.3,14.3,14.0,13.5,13.0,12.7,12.6,12.4,12.5,12.4,12.2,11.8,11.6,11.4,13.80333333
252,Uzbekistan,UZB,"Birth rate, crude (per 1,000 people)",SP.DYN.CBRT.IN,33.7,34.5,33.1,31.5,29.4,29.8,27.3,25.5,23.4,22.4,21.4,20.5,21.1,19.9,20.9,20.4,21.0,22.7,23.7,23.4,22.0,21.2,21.0,22.5,23.3,23.5,22.8,22.1,23.3,24.3,24.38666667
253,St. Vincent and the Grenadines,VCT,"Birth rate, crude (per 1,000 people)",SP.DYN.CBRT.IN,23.883000000000003,23.735,23.71,23.476999999999997,22.971999999999998,22.339000000000002,21.502,20.849,20.236,19.909000000000002,19.585,19.097,18.35,17.674,17.127,16.83,16.637,16.72,17.048,17.118,16.854,16.484,16.509,16.312,16.19,15.890999999999998,15.161,14.269,13.708,13.345999999999998,18.45073333
254,"Venezuela, RB",VEN,"Birth rate, crude (per 1,000 people)",SP.DYN.CBRT.IN,28.834,28.219,27.598000000000003,26.99,26.424,25.871,25.41,24.991,24.598000000000003,24.27,23.9,23.53,23.208000000000002,22.869,22.579,22.334,22.06,21.744,21.433000000000003,21.116999999999997,20.805,20.465999999999998,20.143,19.827,19.507,19.201,18.898,18.502,17.832,16.887999999999998,22.66826667
255,British Virgin Islands,VGB,"Birth rate, crude (per 1,000 people)",SP.DYN.CBRT.IN,15.399000000000001,16.277,15.77,16.675,14.875,15.18,15.587,17.111,12.498,14.447000000000001,14.729000000000001,11.675,9.78,10.540999999999999,12.367,11.252,10.498,11.197000000000001,10.918,10.36,9.863,10.242,9.002,8.667,9.642999999999999,9.189,7.724,6.847,7.114,7.29,11.75723333
256,Virgin Islands (U.S.),VIR,"Birth rate, crude (per 1,000 people)",SP.DYN.CBRT.IN,21.4,21.1,22.0,20.9,19.8,18.7,17.6,17.2,18.0,16.1,14.4,13.1,15.1,14.0,14.5,14.8,13.2,16.4,15.8,15.3,14.8,13.8,13.1,13.1,13.2,13.2,13.0,12.8,12.6,12.3,15.71
257,Vietnam,VNM,"Birth rate, crude (per 1,000 people)",SP.DYN.CBRT.IN,28.508000000000003,27.79,26.773000000000003,25.508000000000003,23.913,22.065,20.457,19.372,18.525,18.08,18.046,17.969,18.142,17.879,17.862000000000002,17.465,16.995,17.072,17.143,17.016,16.906,16.929000000000002,17.078,17.152,16.980999999999998,16.787,16.438,16.1,15.873,15.663,19.0829
258,Vanuatu,VUT,"Birth rate, crude (per 1,000 people)",SP.DYN.CBRT.IN,37.579,37.318000000000005,36.963,36.486999999999995,35.849000000000004,35.304,34.648,34.176,33.74,33.313,33.117,33.059,32.649,32.346,32.09,31.853,31.85,32.118,32.466,32.78,33.056,33.279,33.249,33.086999999999996,32.855,32.42,32.029,31.484,30.889,30.4,33.4151
259,World,WLD,"Birth rate, crude (per 1,000 people)",SP.DYN.CBRT.IN,26.07278736,25.46637729,24.83438507,24.42903209,24.06347865,23.62248679,23.29856541,22.94495056,22.50451655,22.06951384,21.83977208,21.55141882,21.24355676,20.96385433,20.78652808,20.61125327,20.43960565,20.40450651,20.34067744,20.16286029,20.00410167,20.11941932,20.23433239,19.72772338,19.64242138,19.11283954,19.17374627,18.69985637,18.1775669,17.81747144,21.34532018
260,Samoa,WSM,"Birth rate, crude (per 1,000 people)",SP.DYN.CBRT.IN,32.578,32.239000000000004,32.402,32.646,32.815,32.739000000000004,32.538000000000004,32.161,31.816999999999997,31.39,31.005,30.478,29.94,29.624000000000002,29.346999999999998,29.118000000000002,28.905,28.863000000000003,29.294,29.781,30.195,30.465999999999998,30.486,30.155,29.801,29.4,28.949,28.579,28.221999999999998,27.895,30.46093333
261,Kosovo,XKX,"Birth rate, crude (per 1,000 people)",SP.DYN.CBRT.IN,27.647,26.355,22.173000000000002,21.326999999999998,20.639,20.894000000000002,21.125,21.049,21.392,19.096,17.329,17.249000000000002,16.858,15.749,17.781,19.488,18.679000000000002,18.673,19.859,19.988,19.855,16.312,16.399,17.061,14.95,13.614,12.847999999999999,12.615,12.094000000000001,11.443,18.35136667
262,"Yemen, Rep.",YEM,"Birth rate, crude (per 1,000 people)",SP.DYN.CBRT.IN,50.636,50.021,49.388000000000005,48.668,47.452,46.071000000000005,43.273,42.498000000000005,41.478,41.105,40.24,39.236,38.654,38.546,38.214,37.917,37.775999999999996,37.177,36.722,36.2,35.791,35.49,35.125,34.794000000000004,34.428000000000004,33.933,33.348,32.713,32.305,31.778000000000002,39.3659
263,South Africa,ZAF,"Birth rate, crude (per 1,000 people)",SP.DYN.CBRT.IN,31.146,30.127,28.723000000000003,27.866,27.065,26.456999999999997,25.214000000000002,23.29,22.41,21.848000000000003,20.705,20.392,20.04,20.473,21.261,21.913,22.455,22.629,24.08,22.664,22.274,22.281999999999996,22.353,22.177,22.057,21.3,20.25,20.643,21.136999999999997,21.276,23.2169
264,Zambia,ZMB,"Birth rate, crude (per 1,000 people)",SP.DYN.CBRT.IN,47.11,47.118,47.008,47.083999999999996,47.143,47.048,46.802,46.508,46.32,46.155,45.86600000000001,45.227,44.746,44.398999999999994,44.349,44.242,44.013999999999996,43.483999999999995,42.981,42.397,41.794,41.162,40.352,39.507,38.584,37.832,37.242,36.601,36.04,35.461999999999996,43.15256667
265,Zimbabwe,ZWE,"Birth rate, crude (per 1,000 people)",SP.DYN.CBRT.IN,34.796,34.412,34.125,33.141999999999996,32.818000000000005,32.625,33.19,33.799,34.521,35.263000000000005,35.637,35.961,35.924,35.88,35.45,34.946999999999996,34.501,34.81,35.59,36.749,37.056,37.205,36.804,36.246,35.122,33.96,33.171,32.516,32.074,31.518,34.6604
